"hfpxzc href","qBF1Pd","MW4etd","UY7F9","W4Efsd","W4Efsd 2","doJOZc","W4Efsd 3","W4Efsd 4","W4Efsd 5","W4Efsd 6","UsdlK","lcr4fd href","Cw1rxd","R8c4Qb","Cw1rxd 2","R8c4Qb 2","ah5Ghc","M4A5Cf","ah5Ghc 2"
"","","","","","","","","","","","","","","","","","","",""
"","","","","","","","","","","","","","","","","","","",""
"https://www.google.com/maps/place/FamilyMart+Nagaokakyo+Kugai/data=!4m7!3m6!1s0x600104ee063c7aa3:0xa8e9372a6bb989e1!8m2!3d34.9116062!4d135.6974324!16s%2Fg%2F1tykv8jm!19sChIJo3o8Bu4EAWAR4Ym5ayo36ag?authuser=0&hl=es-419&rclk=1","FamilyMart Nagaokakyo Kugai","3.3","(24)","Tienda de alimentación","·","","·","1 Chome-204-1 Kugai","Abierto las 24 horas","·","075-958-6415","https://as.chizumaru.com/famima/detailmap?account=famima&bid=33516","","Sitio web","","Indicaciones","Retiro en tienda","",""
"https://www.google.com/maps/place/LAWSON+Nagaokakyo+Interchange+Store/data=!4m7!3m6!1s0x6001046483291e61:0x210bfb16abe2c268!8m2!3d34.9165442!4d135.6876348!16s%2Fg%2F1ptyn_k8s!19sChIJYR4pg2QEAWARaMLiqxb7CyE?authuser=0&hl=es-419&rclk=1","LAWSON Nagaokakyo Interchange Store","3.3","(36)","Tienda de alimentación","·","","·","Igaji-39-3 Shimokaiinji","Abierto las 24 horas","·","075-951-0081","https://www.lawson.co.jp/","","Sitio web","","Indicaciones","Retiro en tienda","·","Entrega a domicilio"
"https://www.google.com/maps/place/Bambio+Nibankan/data=!4m7!3m6!1s0x6001045c69871807:0x808d68531c6c4af4!8m2!3d34.9230533!4d135.6994366!16s%2Fg%2F1tc_qxt2!19sChIJBxiHaVwEAWAR9EpsHFNojYA?authuser=0&hl=es-419&rclk=1","Bambio Nibankan","3.5","(492)","Centro comercial","·","","·","2 Chome-2-1 Kotari","Abierto","·","075-951-4300","http://www.nud.jp/bambio/2ban/","","Sitio web","","Indicaciones","","",""
"https://www.google.com/maps/place/7-Eleven+Umekoji+K%C5%8Dennishi/data=!4m7!3m6!1s0x6001061712e844d7:0xe2f986a4c0aa91a1!8m2!3d34.9872704!4d135.7416063!16s%2Fg%2F11clwrq4tq!19sChIJ10ToEhcGAWARoZGqwKSG-eI?authuser=0&hl=es-419&rclk=1","7-Eleven Umekoji Kōennishi","3.1","(23)","Tienda de alimentación","·","","·","41 Sujakuuchihatacho","Abierto las 24 horas","·","075-311-5017","http://www.sej.co.jp/","","Sitio web","","Indicaciones","Retiro en tienda","",""
"https://www.google.com/maps/place/Ministop/data=!4m7!3m6!1s0x600108b131777ffb:0xeca34d4069098bde!8m2!3d34.9880167!4d135.7490339!16s%2Fg%2F11b5pm1358!19sChIJ-393MbEIAWAR3osJaUBNo-w?authuser=0&hl=es-419&rclk=1","Ministop","2.9","(68)","Tienda de alimentación","·","","·","439-1 Kaminocho","Abierto las 24 horas","·","075-371-8828","https://map.ministop.co.jp/search/0000001602","","Sitio web","","Indicaciones","Entrega a domicilio","",""
"https://www.google.com/maps/place/Lawson+Nagaokakyo+Garasha-dori/data=!4m7!3m6!1s0x600104588e8f6275:0x62dd3e46bdc75cda!8m2!3d34.9193482!4d135.7019488!16s%2Fg%2F11bwny8jh2!19sChIJdWKPjlgEAWAR2lzHvUY-3WI?authuser=0&hl=es-419&rclk=1","Lawson Nagaokakyo Garasha-dori","3.4","(22)","Tienda de alimentación","·","","·","2 Chome-7-3 Higashikotari","Abierto las 24 horas","·","075-959-5050","https://www.lawson.co.jp/","","Sitio web","","Indicaciones","Retiro en tienda","·","Entrega a domicilio"
"https://www.google.com/maps/place/7-Eleven;+Nagaokakyo+Nishinokuchi/data=!4m7!3m6!1s0x6001041cbb7b6095:0x103b3079d503afa1!8m2!3d34.9435294!4d135.6860168!16s%2Fg%2F1hc1c_kdy!19sChIJlWB7uxwEAWARoa8D1XkwOxA?authuser=0&hl=es-419&rclk=1","7-Eleven; Nagaokakyo Nishinokuchi","2.6","(29)","Tienda de alimentación","·","","·","Nishinokuchi-17-9 Inouchi","Abierto","·","075-954-6508","http://www.sej.co.jp/","","Sitio web","","Indicaciones","Retiro en tienda","",""
"https://www.google.com/maps/place/7-Eleven/data=!4m7!3m6!1s0x60010f7e34e3b143:0xd55f6c07dd6eec54!8m2!3d34.9455261!4d135.7523439!16s%2Fg%2F11dxbm_x2y!19sChIJQ7HjNH4PAWARVOxu3QdsX9U?authuser=0&hl=es-419&rclk=1","7-Eleven","3.3","(40)","Tienda de alimentación","·","","·","50 Kitahatacho","Abierto las 24 horas","·","075-605-0711","https://www.sej.co.jp/","","Sitio web","","Indicaciones","Retiro en tienda","",""
"https://www.google.com/maps/place/7-Eleven/data=!4m7!3m6!1s0x6001034fa0f175d5:0x54e490f2dec3b494!8m2!3d34.8730485!4d135.6641743!16s%2Fg%2F1tr9n9rs!19sChIJ1XXxoE8DAWARlLTD3vKQ5FQ?authuser=0&hl=es-419&rclk=1","7-Eleven","2.8","(43)","Tienda de alimentación","·","","·","3 Chome-6-21 Takahama","Abierto las 24 horas","·","075-961-5212","http://www.sej.co.jp/","","Sitio web","","Indicaciones","Retiro en tienda","",""
"https://www.google.com/maps/place/FamilyMart/data=!4m7!3m6!1s0x600107ad01125b2d:0x6663b1a1443846e8!8m2!3d35.0038858!4d135.7185239!16s%2Fg%2F1tk6vtjd!19sChIJLVsSAa0HAWAR6EY4RKGxY2Y?authuser=0&hl=es-419&rclk=1","FamilyMart","3.5","(6)","Tienda de alimentación","·","","Saiinkasamecho, ６−6 Bldg.1, 地下（コンパーニョ","·","Abierto","","075-325-5676","https://www.family.co.jp/","","Sitio web","","Indicaciones","","",""
"https://www.google.com/maps/place/FamilyMart+Uji+Makishimacho+Megawa/data=!4m7!3m6!1s0x600110258c855555:0x120271a87d288ef3!8m2!3d34.9131451!4d135.7802068!16s%2Fg%2F1tcxv430!19sChIJVVWFjCUQAWAR844ofahxAhI?authuser=0&hl=es-419&rclk=1","FamilyMart Uji Makishimacho Megawa","3.4","(18)","Tienda de alimentación","·","","·","Megawa-27-1 Makishimacho","Abierto las 24 horas","·","0774-25-0035","","","Indicaciones","","","Retiro en tienda","",""
"https://www.google.com/maps/place/FamilyMart+-+Marutamachi+Inokuma/data=!4m7!3m6!1s0x6001087fc0d9d207:0xa169a134a023b4d!8m2!3d35.0175258!4d135.7508029!16s%2Fg%2F1tfkw614!19sChIJB9LZwH8IAWARTTsCShOaFgo?authuser=0&hl=es-419&rclk=1","FamilyMart - Marutamachi Inokuma","3.7","(29)","Tienda de alimentación","·","","Nishimarutacho, 185 京都二条ハイツ １Ｆ","·","Abierto las 24 horas","","075-803-1188","https://as.chizumaru.com/famima/detailMap?account=famima&accmd=0&bid=53066","","Sitio web","","Indicaciones","""El mejor family mart q hemos visitado de Japón.""","",""
"https://www.google.com/maps/place/7-Eleven+JR-Nishiojieki-mae/data=!4m7!3m6!1s0x6001066c984aa1b9:0x4cd5a6723e3ba367!8m2!3d34.9807106!4d135.7320584!16s%2Fg%2F1wh4frlm!19sChIJuaFKmGwGAWARZ6M7PnKm1Uw?authuser=0&hl=es-419&rclk=1","7-Eleven JR-Nishiojieki-mae","2.5","(46)","Tienda de alimentación","·","","·","23 Karahashi Nishihiragakicho","Abierto las 24 horas","·","075-661-2512","http://www.sej.co.jp/","","Sitio web","","Indicaciones","Retiro en tienda","",""
"https://www.google.com/maps/place/FamilyMart+Uji+Makishima+Ichinotsubo/data=!4m7!3m6!1s0x600110365001b8c9:0x6e64a12863a6175e!8m2!3d34.9041609!4d135.7833323!16s%2Fg%2F1tfm6kkf!19sChIJybgBUDYQAWARXhemYyihZG4?authuser=0&hl=es-419&rclk=1","FamilyMart Uji Makishima Ichinotsubo","3.8","(30)","Tienda de alimentación","·","","·","Ichinotsubo-17-1 Makishimacho","Abierto las 24 horas","·","0774-25-5353","http://www.family.co.jp/","","Sitio web","","Indicaciones","Retiro en tienda","",""
"https://www.google.com/maps/place/Lawson+Shij%C5%8D+Nishik%C5%8Dji/data=!4m7!3m6!1s0x600107b24eb2ff01:0xf30b6d19b4c944c6!8m2!3d35.0037038!4d135.7257526!16s%2Fg%2F1tgd6f3w!19sChIJAf-yTrIHAWARxkTJtBltC_M?authuser=0&hl=es-419&rclk=1","Lawson Shijō Nishikōji","2.9","(56)","Tienda de alimentación","·","","·","78 Saiininuicho","Abierto las 24 horas","·","075-323-7676","https://www.lawson.co.jp/","","Sitio web","","Indicaciones","Retiro en tienda","·","Entrega a domicilio"
"https://www.google.com/maps/place/7-Eleven/data=!4m7!3m6!1s0x600107a57423be05:0x42a826fea648e03a!8m2!3d35.0038309!4d135.7514517!16s%2Fg%2F12m9jndpf!19sChIJBb4jdKUHAWAROuBIpv4mqEI?authuser=0&hl=es-419&rclk=1","7-Eleven","2.3","(79)","Tienda de alimentación","·","","·","535 Karatsuyacho","Abierto las 24 horas","·","075-812-1505","http://www.sej.co.jp/","","Sitio web","","Indicaciones","""A parte, el cajero ha sido muy amable.""","",""
"https://www.google.com/maps/place/FamilyMart+-+Kawaramachi+Marutamachi/data=!4m7!3m6!1s0x6001088b1cfa1eb1:0xee3d1c2f8dacb44c!8m2!3d35.0181709!4d135.7693177!16s%2Fg%2F11dxs38c8r!19sChIJsR76HIsIAWARTLSsjS8cPe4?authuser=0&hl=es-419&rclk=1","FamilyMart - Kawaramachi Marutamachi","2.5","(31)","Tienda de alimentación","·","","363 Masuyacho","·","Abierto las 24 horas","","075-254-7614","https://as.chizumaru.com/famima/detailmap?account=famima&bid=30488","","Sitio web","","Indicaciones","Retiro en tienda","",""
"https://www.google.com/maps/place/Lawson+-+Shij%C5%8D+Nakashinmichi/data=!4m7!3m6!1s0x60010633bd6451e7:0xb06f5edc02580f2b!8m2!3d35.0037677!4d135.7390931!16s%2Fg%2F11bwf841ct!19sChIJ51FkvTMGAWARKw9YAtxeb7A?authuser=0&hl=es-419&rclk=1","Lawson - Shijō Nakashinmichi","2.7","(36)","Tienda de alimentación","·","","·","2-2 Mibumorimachi","Abierto las 24 horas","·","075-406-5963","https://www.e-map.ne.jp/p/lawson/dtl/238144/","","Sitio web","","Indicaciones","""Buena tienda de conveniencia""","",""
"https://www.google.com/maps/place/FamilyMart+Keihan-Fujinomori-Station-mae/data=!4m7!3m6!1s0x60010f72ba5253d3:0xa63bd78bacde7ec1!8m2!3d34.9569544!4d135.7700694!16s%2Fg%2F12hl2kv8d!19sChIJ01NSunIPAWARwX7erIvXO6Y?authuser=0&hl=es-419&rclk=1","FamilyMart Keihan-Fujinomori-Station-mae","3.1","(27)","Tienda de alimentación","·","","7 Fukakusa Kitorocho","·","Abierto las 24 horas","","075-646-3580","https://as.chizumaru.com/famima/detailmap?account=famima&bid=36320","","Sitio web","","Indicaciones","Retiro en tienda","",""
"https://www.google.com/maps/place/FamilyMart+-+Shogoin/data=!4m7!3m6!1s0x600108f1ae3b5281:0x2f8e49123b5ddc4a!8m2!3d35.0172901!4d135.7777887!16s%2Fg%2F1v3kmzg4!19sChIJgVI7rvEIAWARStxdOxJJji8?authuser=0&hl=es-419&rclk=1","FamilyMart - Shogoin","3.8","(22)","Tienda de alimentación","·","","43-5 Shogoin Sannocho","·","Abierto las 24 horas","","075-762-2727","https://as.chizumaru.com/famima/detailmap?account=famima&bid=37931","","Sitio web","","Indicaciones","Retiro en tienda","",""
"https://www.google.com/maps/place/Lawson+-+BiVi+Kyoto+Nijo/data=!4m7!3m6!1s0x600107cda3f0a00b:0xa2f936bf0d4d946f!8m2!3d35.0106227!4d135.7409466!16s%2Fg%2F1tgcrsjc!19sChIJC6Dwo80HAWARb5RNDb82-aI?authuser=0&hl=es-419&rclk=1","Lawson - BiVi Kyoto Nijo","3.0","(31)","Tienda de alimentación","·","","·","1-6 Nishinokyo Toganoocho","Abierto las 24 horas","·","075-812-6031","https://www.e-map.ne.jp/p/lawson/dtl/166858/","","Sitio web","","Indicaciones","Retiro en tienda","",""
"https://www.google.com/maps/place/Lawson+Kisshoin+Hainobori-Nishicho/data=!4m7!3m6!1s0x6001067109b0055f:0x351a7cc47fa825a!8m2!3d34.9721534!4d135.7268418!16s%2Fg%2F1w0p5jcv!19sChIJXwWwCXEGAWARWoL6R8ynUQM?authuser=0&hl=es-419&rclk=1","Lawson Kisshoin Hainobori-Nishicho","2.9","(33)","Tienda de alimentación","·","","·","1-1 Kisshoin Hainoborinishicho","Abierto las 24 horas","·","075-661-2321","https://www.lawson.co.jp/","","Sitio web","","Indicaciones","Retiro en tienda","·","Entrega a domicilio"
"https://www.google.com/maps/place/Lawson+Kuze+Nakahisa-cho/data=!4m7!3m6!1s0x600105d58dcc947d:0x7550b0eae9eab54d!8m2!3d34.9608752!4d135.7175291!16s%2Fg%2F12hyj43qv!19sChIJfZTMjdUFAWARTbXq6eqwUHU?authuser=0&hl=es-419&rclk=1","Lawson Kuze Nakahisa-cho","2.7","(58)","Tienda de alimentación","·","","·","688-1 Kuzenakahisacho","Abierto las 24 horas","·","075-933-1963","https://www.lawson.co.jp/","","Sitio web","","Indicaciones","Retiro en tienda","·","Entrega a domicilio"
"https://www.google.com/maps/place/7-Eleven/data=!4m7!3m6!1s0x60010f887ef3085f:0xddd353186b825fd5!8m2!3d34.9426882!4d135.8133856!16s%2Fg%2F11mhsx3vqq!19sChIJXwjzfogPAWAR1V-CaxhT090?authuser=0&hl=es-419&rclk=1","7-Eleven","2.4","(16)","Tienda de alimentación","·","","·","1番1 Daigotatsumicho","Abierto las 24 horas","·","075-573-1371","https://www.sej.co.jp/","","Sitio web","","Indicaciones","Retiro en tienda","",""
"https://www.google.com/maps/place/7-Eleven+Fukakusa+Nishiura+8-chome/data=!4m7!3m6!1s0x60010f6fa65e6e77:0x311620a553114cde!8m2!3d34.9575377!4d135.7632275!16s%2Fg%2F11btrrvr1m!19sChIJd25epm8PAWAR3kwRU6UgFjE?authuser=0&hl=es-419&rclk=1","7-Eleven Fukakusa Nishiura 8-chome","2.5","(21)","Tienda de alimentación","·","","·","132 Fukakusa Nishiuracho","Abierto las 24 horas","·","075-645-8081","http://www.sej.co.jp/","","Sitio web","","Indicaciones","Retiro en tienda","",""
"https://www.google.com/maps/place/Lawson+-+Ky%C5%8Dto+Nishi+Hongan-ji+Temple/data=!4m7!3m6!1s0x600108a0f351b755:0x373b84bbf25c8abc!8m2!3d34.992923!4d135.753313!16s%2Fg%2F1tdfb_vc!19sChIJVbdR86AIAWARvIpc8ruEOzc?authuser=0&hl=es-419&rclk=1","Lawson - Kyōto Nishi Hongan-ji Temple","3.1","(70)","Tienda de alimentación","·","","·","西中筋通六条下るSumiyoshicho, 50","Abierto las 24 horas","·","075-354-8186","https://www.e-map.ne.jp/p/lawson/dtl/169880/","","Sitio web","","Indicaciones","""Dispone de mesas donde puedes tomar lo que compras allí mismo.""","",""
"https://www.google.com/maps/place/7-Eleven+Kyoto-Higashiyama-Donguribashi-mae/data=!4m7!3m6!1s0x600108c065170001:0xc92e30d90c957d21!8m2!3d35.0020741!4d135.7717332!16s%2Fg%2F11bcclz32h!19sChIJAQAXZcAIAWARIX2VDNkwLsk?authuser=0&hl=es-419&rclk=1","7-Eleven Kyoto-Higashiyama-Donguribashi-mae","3.0","(58)","Tienda de alimentación","·","","1 Chome-236 Miyagawasuji","·","Abierto las 24 horas","","075-561-9881","http://www.sej.co.jp/","","Sitio web","","Indicaciones","Retiro en tienda","",""
"https://www.google.com/maps/place/FamilyMart/data=!4m7!3m6!1s0x600108cf41b1e2d1:0xef6c63217b8bc05e!8m2!3d34.9964391!4d135.776966!16s%2Fg%2F1tdjr0w3!19sChIJ0eKxQc8IAWARXsCLeyFjbO8?authuser=0&hl=es-419&rclk=1","FamilyMart","2.8","(66)","Tienda de alimentación","·","","·","4 Chome-182-18 Kiyomizu","Abierto las 24 horas","·","075-533-6665","https://as.chizumaru.com/famima/detailmap?account=famima&bid=37794","","Sitio web","","Indicaciones","Retiro en tienda","",""
"https://www.google.com/maps/place/Lawson+Hirakata+Funahashihonmachi+2-chome/data=!4m7!3m6!1s0x60011b66f4ad56d9:0xa6d53acbaa0fb867!8m2!3d34.853301!4d135.6831105!16s%2Fg%2F11btx3z1_r!19sChIJ2Vat9GYbAWARZ7gPqss61aY?authuser=0&hl=es-419&rclk=1","Lawson Hirakata Funahashihonmachi 2-chome","2.2","(29)","Tienda de alimentación","·","","·","Funahashihonmachi, 2 Chome−３１","Abierto","·","072-868-3378","https://www.lawson.co.jp/","","Sitio web","","Indicaciones","Retiro en tienda","·","Entrega a domicilio"
"https://www.google.com/maps/place/7-Eleven+Yamashina-Kanshuji/data=!4m7!3m6!1s0x60010e684579c5e9:0x4a7d57d12ef63c87!8m2!3d34.9577002!4d135.8106714!16s%2Fg%2F1wfcp134!19sChIJ6cV5RWgOAWARhzz2LtFXfUo?authuser=0&hl=es-419&rclk=1","7-Eleven Yamashina-Kanshuji","2.3","(50)","Tienda de alimentación","·","","·","22-1 Kanshuji Goshouchicho","Abierto las 24 horas","·","075-573-1118","http://www.sej.co.jp/","","Sitio web","","Indicaciones","Retiro en tienda","",""
"https://www.google.com/maps/place/LAWSON+Ninnajikaido-Shichihonmatsu+Store/data=!4m7!3m6!1s0x600107e9d8627f79:0x21def0d3d9487c5c!8m2!3d35.0246254!4d135.7395649!16s%2Fg%2F11clwjgzgs!19sChIJeX9i2OkHAWARXHxI2dPw3iE?authuser=0&hl=es-419&rclk=1","LAWSON Ninnajikaido-Shichihonmatsu Store","2.2","(41)","Tienda de alimentación","·","","·","103-1 Ichibancho","Abierto las 24 horas","·","075-465-2227","https://www.lawson.co.jp/","","Sitio web","","Indicaciones","Retiro en tienda","·","Entrega a domicilio"
"https://www.google.com/maps/place/Lawson+Katagihara-Hagamach%C5%8D/data=!4m7!3m6!1s0x600106c47c99f83d:0xa47c24e068a61afc!8m2!3d34.9725713!4d135.6900033!16s%2Fg%2F11gcbz2s13!19sChIJPfiZfMQGAWAR_BqmaOAkfKQ?authuser=0&hl=es-419&rclk=1","Lawson Katagihara-Hagamachō","2.6","(28)","Tienda de alimentación","·","","·","1-7 Katagiharahagamacho","Abierto las 24 horas","·","075-748-9988","https://www.lawson.co.jp/","","Sitio web","","Indicaciones","Retiro en tienda","·","Entrega a domicilio"
"https://www.google.com/maps/place/LAWSON+Shin+Kyoto+Center+Building+Store/data=!4m7!3m6!1s0x600108a8af26064d:0x8b2f94cb9c772d04!8m2!3d34.987383!4d135.7565898!16s%2Fg%2F1tdg7pvg!19sChIJTQYmr6gIAWARBC13nMuUL4s?authuser=0&hl=es-419&rclk=1","LAWSON Shin Kyoto Center Building Store","3.6","(44)","Tienda de alimentación","·","","·","塩小路通烏丸西入Higashishiokojicho, 614","Abierto las 24 horas","·","075-344-8072","","","Indicaciones","","","Retiro en tienda","·","Entrega a domicilio"
"https://www.google.com/maps/place/FamilyMart/data=!4m7!3m6!1s0x6001086dfc55373b:0x24cac0513133619e!8m2!3d35.033859!4d135.7591932!16s%2Fg%2F1tg2kkzz!19sChIJOzdV_G0IAWARnmEzMVHAyiQ?authuser=0&hl=es-419&rclk=1","FamilyMart","4.5","(19)","Tienda de alimentación","·","","烏丸通寺之内上るSokokuji Monzencho, 647-8","·","Abierto las 24 horas","","075-417-0616","https://as.chizumaru.com/famima/detailmap?account=famima&bid=30480","","Sitio web","","Indicaciones","Retiro en tienda","",""
"https://www.google.com/maps/place/LAWSON+Gion+Yasui+Store/data=!4m7!3m6!1s0x600108c45a866347:0x39aa909a854f7fc9!8m2!3d35.0005!4d135.777654!16s%2Fg%2F1tdzr0ss!19sChIJR2OGWsQIAWARyX9PhZqQqjk?authuser=0&hl=es-419&rclk=1","LAWSON Gion Yasui Store","3.0","(43)","Tienda de alimentación","·","","·","東大路松原上ルBishamoncho, 4 Chome−34","Abierto","·","075-541-2141","https://www.e-map.ne.jp/p/lawson/dtl/088070/","","Sitio web","","Indicaciones","Retiro en tienda","",""
"https://www.google.com/maps/place/LAWSON+Kujo-Kawaramachi+Store/data=!4m7!3m6!1s0x60010f4d1c657001:0x1b28bfcb6a8902e!8m2!3d34.9808907!4d135.7637228!16s%2Fg%2F11bv1nf303!19sChIJAXBlHE0PAWARLpCotvyLsgE?authuser=0&hl=es-419&rclk=1","LAWSON Kujo-Kawaramachi Store","3.1","(62)","Tienda de alimentación","·","","·","57-1 Higashikujo Minamisannocho","Abierto las 24 horas","·","075-693-8675","https://www.e-map.ne.jp/p/lawson/dtl/292209/","","Sitio web","","Indicaciones","Retiro en tienda","·","Entrega a domicilio"
"https://www.google.com/maps/place/FamilyMart;+JR+Nagao+Station/data=!4m7!3m6!1s0x60011bcd7b2fe2f7:0x20fb218fefa1c1a4!8m2!3d34.8258985!4d135.7124211!16s%2Fg%2F1tf_0_24!19sChIJ9-Ive80bAWARpMGh748h-yA?authuser=0&hl=es-419&rclk=1","FamilyMart; JR Nagao Station","2.1","(29)","Tienda de alimentación","·","","·","5 Chome-20-21 Nagao Motomachi","Abierto las 24 horas","·","072-864-5590","https://as.chizumaru.com/famima/detailmap?account=famima&bid=52292","","Sitio web","","Indicaciones","Retiro en tienda","",""
"https://www.google.com/maps/place/7-Eleven+Kyoto-Matsumuro/data=!4m7!3m6!1s0x600107390e975857:0x826fb567b8aff5d5!8m2!3d34.9983985!4d135.6887046!16s%2Fg%2F11c55v7yj_!19sChIJV1iXDjkHAWAR1fWvuGe1b4I?authuser=0&hl=es-419&rclk=1","7-Eleven Kyoto-Matsumuro","2.0","(34)","Tienda de alimentación","·","","·","37 Matsumurooiagecho","Abierto las 24 horas","·","075-381-0650","http://www.sej.co.jp/","","Sitio web","","Indicaciones","Retiro en tienda","",""
"https://www.google.com/maps/place/7-Eleven+Kyoto-Higashinotoin-Nishiki/data=!4m7!3m6!1s0x6001089a6462882b:0xd4a3a040d3d3d620!8m2!3d35.005185!4d135.7609829!16s%2Fg%2F1tj45tf6!19sChIJK4hiZJoIAWARINbT00Cgo9Q?authuser=0&hl=es-419&rclk=1","7-Eleven Kyoto-Higashinotoin-Nishiki","3.2","(62)","Tienda de alimentación","·","","·","東洞院通錦小路上るMototakedacho, 647-1","Abierto las 24 horas","·","075-211-0251","http://www.sej.co.jp/","","Sitio web","","Indicaciones","Retiro en tienda","",""
"https://www.google.com/maps/place/Fresco+-+Gojo+Nishinotoin/data=!4m7!3m6!1s0x600108a1e8641f19:0xe77aeac3e21752eb!8m2!3d34.9960197!4d135.7557533!16s%2Fg%2F1th56x0d!19sChIJGR9k6KEIAWAR61IX4sPqeuc?authuser=0&hl=es-419&rclk=1","Fresco - Gojo Nishinotoin","3.8","(723)","Tienda de alimentación","·","","·","若宮通五条下ルBishamoncho, 33-1","Abierto las 24 horas","·","075-353-9751","https://www.super-fresco.co.jp/store/fresco/kyoto/shimogyo/gojyonishi/","","Sitio web","","Indicaciones","""8 nigiris de atún me costaron 1,50€""","",""
"https://www.google.com/maps/place/FamilyMart+-+Sanjo+Omiya/data=!4m7!3m6!1s0x6001075e04a4c977:0x437a6ec988b306d3!8m2!3d35.0083615!4d135.7475538!16s%2Fg%2F11jfl_4ypk!19sChIJd8mkBF4HAWAR0waziMluekM?authuser=0&hl=es-419&rclk=1","FamilyMart - Sanjo Omiya","3.2","(32)","Tienda de alimentación","·","","５０番３ Kamikawaracho","·","Abierto las 24 horas","","075-823-6318","https://www.family.co.jp/","","Sitio web","","Indicaciones","Retiro en tienda","",""
"https://www.google.com/maps/place/7-Eleven/data=!4m7!3m6!1s0x60010895c6af4a0b:0xe8a646a630f223d2!8m2!3d34.9965169!4d135.7663529!16s%2Fg%2F11btrrnzlg!19sChIJC0qvxpUIAWAR0iPyMKZGpug?authuser=0&hl=es-419&rclk=1","7-Eleven","2.8","(63)","Tienda de alimentación","·","","·","河原町通五条上ルAzuchicho, 612","Abierto las 24 horas","·","075-341-0710","https://www.sej.co.jp/","","Sitio web","","Indicaciones","Retiro en tienda","",""
"https://www.google.com/maps/place/FamilyMart+-+Keihan+Sanjo/data=!4m7!3m6!1s0x600108ec86d4a801:0xea5f6a71a83f98b2!8m2!3d35.0093133!4d135.773258!16s%2Fg%2F1ptydxgm7!19sChIJAajUhuwIAWARspg_qHFqX-o?authuser=0&hl=es-419&rclk=1","FamilyMart - Keihan Sanjo","3.1","(51)","Tienda de alimentación","·","","·","104-1 Ohashicho","Abierto las 24 horas","·","075-762-1113","https://as.chizumaru.com/famima/detailmap?account=famima&bid=36610","","Sitio web","","Indicaciones","Retiro en tienda","",""
"https://www.google.com/maps/place/Ministop+-+Arashiyama+Station/data=!4m7!3m6!1s0x600107515f90fbfd:0x3031fb8b956a4951!8m2!3d35.0102263!4d135.6811508!16s%2Fg%2F1tcykygm!19sChIJ_fuQX1EHAWARUUlqlYv7MTA?authuser=0&hl=es-419&rclk=1","Ministop - Arashiyama Station","3.1","(52)","Tienda de alimentación","·","","Arashiyama Nishiichikawacho, ８−1","·","Abierto las 24 horas","","075-861-6816","https://www.ministop.co.jp/","","Sitio web","","Indicaciones","Entrega a domicilio","",""
"https://www.google.com/maps/place/Fresco+-+Shijo/data=!4m7!3m6!1s0x6001089ce7a201cf:0xae8a6bef155c4e75!8m2!3d35.0038254!4d135.7549951!16s%2Fg%2F1tl1hsrz!19sChIJzwGi55wIAWARdU5cFe9riq4?authuser=0&hl=es-419&rclk=1","Fresco - Shijo","3.8","(458)","Tienda de alimentación","·","","西洞院通四条上ルToroyamacho, 481","·","Abierto las 24 horas","","075-257-3553","https://www.super-fresco.co.jp/store/fresco/kyoto/nakagyo/sijyo/","","Sitio web","","Indicaciones","Entrega a domicilio","",""
"https://www.google.com/maps/place/7-Eleven/data=!4m7!3m6!1s0x600108b2e4824afd:0x27187211eb6285b9!8m2!3d34.9841951!4d135.763164!16s%2Fg%2F11bw1yxb4h!19sChIJ_UqC5LIIAWARuYVi6xFyGCc?authuser=0&hl=es-419&rclk=1","7-Eleven","4.0","(68)","Tienda de alimentación","·","","·","Higashikujo Nishiiwamotocho, １６−16","Abierto las 24 horas","·","075-681-1007","http://www.sej.co.jp/","","Sitio web","","Indicaciones","""Sin duda, recomendable.""","",""
"https://www.google.com/maps/place/Lawson+Kisshoin+Nagata/data=!4m7!3m6!1s0x600105e71def1279:0x9d95fe0cb6a5ac13!8m2!3d34.9636175!4d135.7354517!16s%2Fg%2F1z45076zr!19sChIJeRLvHecFAWARE6yltgz-lZ0?authuser=0&hl=es-419&rclk=1","Lawson Kisshoin Nagata","2.5","(19)","Tienda de alimentación","·","","·","601 Kisshoin Nagatacho","Abierto las 24 horas","·","075-693-8763","https://www.e-map.ne.jp/p/lawson/dtl/229116/","","Sitio web","","Indicaciones","Retiro en tienda","",""
"https://www.google.com/maps/place/7-Eleven+Kyoto-Karasuma-Kujo/data=!4m7!3m6!1s0x60010f534a60d77b:0xc9c4ce05e8a4bf5e!8m2!3d34.9796473!4d135.7579127!16s%2Fg%2F11cs0f8z0d!19sChIJe9dgSlMPAWARXr-k6AXOxMk?authuser=0&hl=es-419&rclk=1","7-Eleven Kyoto-Karasuma-Kujo","2.5","(89)","Tienda de alimentación","·","","·","43 Higashikujo Shimotonodacho","Abierto las 24 horas","·","075-662-8228","http://www.sej.co.jp/","","Sitio web","","Indicaciones","Retiro en tienda","",""
"https://www.google.com/maps/place/7-Eleven+Kyoto-Tokiwa/data=!4m7!3m6!1s0x6001077a0bdb12cf:0xa71eb5bcb1ec45e6!8m2!3d35.0195704!4d135.708552!16s%2Fg%2F1tdxqbyk!19sChIJzxLbC3oHAWAR5kXssby1Hqc?authuser=0&hl=es-419&rclk=1","7-Eleven Kyoto-Tokiwa","3.2","(41)","Tienda de alimentación","·","","·","1-3 Tokiwamuranouchicho","Abierto las 24 horas","·","075-861-1565","http://www.sej.co.jp/","","Sitio web","","Indicaciones","Retiro en tienda","",""
"https://www.google.com/maps/place/FamilyMart+-+Horikawa+Ayanok%C5%8Dji/data=!4m7!3m6!1s0x6001089d648db95b:0xa56c45ae1c5c41c7!8m2!3d35.0024154!4d135.7524329!16s%2Fg%2F11c54hztl3!19sChIJW7mNZJ0IAWARx0FcHK5FbKU?authuser=0&hl=es-419&rclk=1","FamilyMart - Horikawa Ayanokōji","3.0","(26)","Tienda de alimentación","·","","·","Nishiayanokoji Nishihancho, ７０ 他 ３筆","Abierto las 24 horas","·","075-353-5190","https://as.chizumaru.com/famima/detailmap?account=famima&bid=37543","","Sitio web","","Indicaciones","Retiro en tienda","",""
"https://www.google.com/maps/place/Lawson+-+Kyoto+Station+Higashi-Shiokoji-cho/data=!4m7!3m6!1s0x600108b1d91bd763:0x3e20e72f146ed34f!8m2!3d34.9874238!4d135.7617648!16s%2Fg%2F1tf3ntgb!19sChIJY9cb2bEIAWART9NuFC_nID4?authuser=0&hl=es-419&rclk=1","Lawson - Kyoto Station Higashi-Shiokoji-cho","2.8","(63)","Tienda de alimentación","·","","·","558-8 Higashishiokojicho","Abierto las 24 horas","·","075-344-3965","https://www.e-map.ne.jp/p/lawson/dtl/190532/","","Sitio web","","Indicaciones","Retiro en tienda","·","Entrega a domicilio"
"https://www.google.com/maps/place/7-ELEVEN+Takatsuki+Tenjinmachi+1-chome+Store/data=!4m7!3m6!1s0x600102b99763db47:0x130aae15cc8e645e!8m2!3d34.8539096!4d135.6160331!16s%2Fg%2F11btwtd9k3!19sChIJR9tjl7kCAWARXmSOzBWuChM?authuser=0&hl=es-419&rclk=1","7-ELEVEN Takatsuki Tenjinmachi 1-chome Store","4.0","(23)","Tienda de alimentación","·","","·","1 Chome-1-1 Tenjinmachi","Abierto las 24 horas","·","072-681-7411","http://www.sej.co.jp/","","Sitio web","","Indicaciones","Retiro en tienda","",""
"https://www.google.com/maps/place/FamilyMart+-+Muromachi+Bukkoji/data=!4m7!3m6!1s0x6001089969d4c565:0x13d1673c2a384a26!8m2!3d35.001462!4d135.7580113!16s%2Fg%2F11df3gbmmd!19sChIJZcXUaZkIAWARJko4Kjxn0RM?authuser=0&hl=es-419&rclk=1","FamilyMart - Muromachi Bukkoji","2.2","(34)","Tienda de alimentación","·","","·","室町通 仏光寺上るHakurakutencho, 530-1","Abierto las 24 horas","·","075-354-8102","https://as.chizumaru.com/famima/detailmap?account=famima&bid=37702","","Sitio web","","Indicaciones","Retiro en tienda","",""
"https://www.google.com/maps/place/Lawson+-+Gion+Hanamikoji/data=!4m7!3m6!1s0x600108c1fa8839b3:0x17f9aab3950365d8!8m2!3d35.0050234!4d135.7753612!16s%2Fg%2F1pty80tsg!19sChIJszmI-sEIAWAR2GUDlbOq-Rc?authuser=0&hl=es-419&rclk=1","Lawson - Gion Hanamikoji","3.3","(44)","Tienda de alimentación","·","","·","357 Kiyomotocho","Abierto las 24 horas","·","075-541-7630","https://www.e-map.ne.jp/p/lawson/dtl/220121/","","Sitio web","","Indicaciones","Retiro en tienda","",""
"https://www.google.com/maps/place/7-Eleven/data=!4m7!3m6!1s0x6001a976c6b4c785:0xe5c38a473bf4e848!8m2!3d35.0622354!4d135.7496526!16s%2Fg%2F11g0zpyvb7!19sChIJhce0xnapAWARSOj0O0eKw-U?authuser=0&hl=es-419&rclk=1","7-Eleven","3.8","(22)","Tienda de alimentación","·","","·","22-3 Kamigamo Asatsuyugaharacho","Abierto las 24 horas","·","075-712-8622","http://www.sej.co.jp/","","Sitio web","","Indicaciones","Retiro en tienda","·","Entrega a domicilio"
"https://www.google.com/maps/place/LAWSON+Takatsuki+Kyoguchimachi+Store/data=!4m7!3m6!1s0x600102ccc2295757:0xdbc8545f9d50c4bb!8m2!3d34.8489887!4d135.6252377!16s%2Fg%2F1ty744pb!19sChIJV1cpwswCAWARu8RQnV9UyNs?authuser=0&hl=es-419&rclk=1","LAWSON Takatsuki Kyoguchimachi Store","3.3","(24)","Tienda de alimentación","·","","·","9-30 Kyoguchimachi","Abierto las 24 horas","·","072-674-9599","https://www.lawson.co.jp/","","Sitio web","","Indicaciones","Retiro en tienda","·","Entrega a domicilio"
"https://www.google.com/maps/place/FamilyMart+Hyakumanben+Store/data=!4m7!3m6!1s0x6001085a68f13cc5:0xf77f155cd90a6e10!8m2!3d35.0312602!4d135.7795564!16s%2Fg%2F1tf6m2xf!19sChIJxTzxaFoIAWAREG4K2VwVf_c?authuser=0&hl=es-419&rclk=1","FamilyMart Hyakumanben Store","2.6","(16)","Tienda de alimentación","·","","·","2 Tanaka Monzencho","Abierto las 24 horas","·","075-746-5136","https://as.chizumaru.com/famima/detailmap?account=famima&bid=33164","","Sitio web","","Indicaciones","Retiro en tienda","",""
"https://www.google.com/maps/place/Lawson+Muromach-Nishikikoji/data=!4m7!3m6!1s0x6001089b6b715947:0x33ff3403883c7960!8m2!3d35.0050862!4d135.7579108!16s%2Fg%2F11f_1svnjh!19sChIJR1lxa5sIAWARYHk8iAM0_zM?authuser=0&hl=es-419&rclk=1","Lawson Muromach-Nishikikoji","2.7","(52)","Tienda de alimentación","·","","·","室町通錦小路上るYamabushiyamacho, 565","Abierto las 24 horas","·","075-231-2789","https://www.e-map.ne.jp/p/lawson/dtl/287622/","","Sitio web","","Indicaciones","Retiro en tienda","·","Entrega a domicilio"
"https://www.google.com/maps/place/7-ELEVEN.Heart-in+VIERRA+Otsu+Store/data=!4m7!3m6!1s0x60010c5869e752df:0xd2c6644eeca9dfd4!8m2!3d35.0034118!4d135.8648692!16s%2Fg%2F11bwq5t0t0!19sChIJ31LnaVgMAWAR1N-p7E5kxtI?authuser=0&hl=es-419&rclk=1","7-ELEVEN.Heart-in VIERRA Otsu Store","3.8","(19)","Tienda de alimentación","·","","·","1-3 Kasugacho","Abierto","·","077-510-5571","http://www.sej.co.jp/","","Sitio web","","Indicaciones","Retiro en tienda","",""
"https://www.google.com/maps/place/LAWSON+Omiya+Gojo/data=!4m7!3m6!1s0x60010623dff7d961:0x7a4a3ceb873b4b9e!8m2!3d34.9960035!4d135.7473788!16s%2Fg%2F1tff2yg2!19sChIJYdn33yMGAWARnks7h-s8Sno?authuser=0&hl=es-419&rclk=1","LAWSON Omiya Gojo","3.8","(32)","Tienda de alimentación","·","","·","29-1 Chudojimae Dacho","Abierto las 24 horas","·","075-341-6235","","","Indicaciones","","","Retiro en tienda","",""
"https://www.google.com/maps/place/FamilyMart+Kawaramachi+Bukkoji/data=!4m7!3m6!1s0x600108be3370120f:0xdcc77ba4ba377e2c!8m2!3d35.0015878!4d135.7687398!16s%2Fg%2F1tf86_48!19sChIJDxJwM74IAWARLH43uqR7x9w?authuser=0&hl=es-419&rclk=1","FamilyMart Kawaramachi Bukkoji","3.0","(39)","Tienda de alimentación","·","","·","338 Tominagacho","Abierto las 24 horas","·","075-353-1581","https://as.chizumaru.com/famima/detailmap?account=famima&bid=33278","","Sitio web","","Indicaciones","Retiro en tienda","",""
"https://www.google.com/maps/place/Fresco+-+Karasuma/data=!4m7!3m6!1s0x6001089b2cef5fc3:0x8da7bbddbc2e024!8m2!3d35.0065216!4d135.7592446!16s%2Fg%2F1v2pq330!19sChIJw1_vLJsIAWARJODC27172gg?authuser=0&hl=es-419&rclk=1","Fresco - Karasuma","3.8","(657)","Tienda de alimentación","·","","烏丸通六角下ルShichikannoncho, 637-1 Inter One Place, ２","·","Abierto las 24 horas","","075-253-0361","https://www.super-fresco.co.jp/store/fresco/kyoto/nakagyo/karasuma/","","Sitio web","","Indicaciones","","",""
"https://www.google.com/maps/place/%E9%87%8E%E6%9D%91%E4%BD%83%E7%85%AE+%E9%8C%A6%E5%BA%97/data=!4m7!3m6!1s0x600109005a242311:0xe7b2bcd57303f523!8m2!3d35.004963!4d135.7655139!16s%2Fg%2F11ldwgf94_!19sChIJESMkWgAJAWARI_UDc9W8suc?authuser=0&hl=es-419&rclk=1","野村佃煮 錦店","4.0","(2)","Comercio","·","","錦小路通麩屋町西入Higashiuoyacho, 203","·","Abierto","","075-253-1178","https://www.nomuratsukudani.com/","","Sitio web","","Indicaciones","","",""
"https://www.google.com/maps/place/Seven+Bank+ATM/data=!4m7!3m6!1s0x6001075e34ee3b2d:0x56ca38eefedf12fb!8m2!3d35.0073644!4d135.7297073!16s%2Fg%2F11jlhmcsqb!19sChIJLTvuNF4HAWAR-xLf_u44ylY?authuser=0&hl=es-419&rclk=1","Seven Bank ATM","","","Cajeros automáticos","·","","·","26-1 Saiinkamihanadacho","Abierto las 24 horas","·","0120-771-179","https://location.sevenbank.co.jp/sevenbank/spot/detail?code=0000024572","","Sitio web","","Indicaciones","","",""
"https://www.google.com/maps/place/Lawson+-+Takatsuji+Yanaginobamba/data=!4m7!3m6!1s0x60010897d8bb1e47:0x9b65606a07c39623!8m2!3d34.999967!4d135.763104!16s%2Fg%2F11btwvd3lk!19sChIJRx672JcIAWARI5bDB2pgZZs?authuser=0&hl=es-419&rclk=1","Lawson - Takatsuji Yanaginobamba","2.8","(38)","Tienda de alimentación","·","","·","高辻通柳馬場西入Senshojicho, 465","Abierto las 24 horas","·","075-371-2771","https://www.e-map.ne.jp/p/lawson/dtl/234940/","","Sitio web","","Indicaciones","""Te los recomiendo!""","",""
"https://www.google.com/maps/place/Lawson+Takatsuki+Shibatanicho/data=!4m7!3m6!1s0x6001028549a7af8d:0xe0b0d87530715c57!8m2!3d34.8675913!4d135.6091994!16s%2Fg%2F11bwn53rht!19sChIJja-nSYUCAWARV1xxMHXYsOA?authuser=0&hl=es-419&rclk=1","Lawson Takatsuki Shibatanicho","3.3","(21)","Tienda de alimentación","·","","·","55-1 Shibatanicho","Abierto las 24 horas","·","072-688-3663","https://www.lawson.co.jp/","","Sitio web","","Indicaciones","Retiro en tienda","·","Entrega a domicilio"
"https://www.google.com/maps/place/Lawson+-+Marutamachi+Ogawa/data=!4m7!3m6!1s0x6001087f2f69fcfd:0xd29e87d152fc09a5!8m2!3d35.017476!4d135.7541473!16s%2Fg%2F1tp275cl!19sChIJ_fxpL38IAWARpQn8UtGHntI?authuser=0&hl=es-419&rclk=1","Lawson - Marutamachi Ogawa","3.0","(25)","Tienda de alimentación","·","","103 Yokokajicho","·","Abierto las 24 horas","","075-213-1341","https://www.e-map.ne.jp/p/lawson/dtl/054272/","","Sitio web","","Indicaciones","Retiro en tienda","·","Entrega a domicilio"
"https://www.google.com/maps/place/7-Eleven/data=!4m7!3m6!1s0x60011c16ef9b95fd:0x516397e57121d3a5!8m2!3d34.8044104!4d135.6602429!16s%2Fg%2F1ptwcc90g!19sChIJ_ZWb7xYcAWARpdMhceWXY1E?authuser=0&hl=es-419&rclk=1","7-Eleven","3.7","(52)","Tienda de alimentación","·","","·","2-10 Murano Nishimachi","Abierto las 24 horas","·","072-849-7911","http://www.sej.co.jp/","","Sitio web","","Indicaciones","Retiro en tienda","",""
"https://www.google.com/maps/place/Fresco+Teramachi/data=!4m7!3m6!1s0x600108be0c6585cb:0x61faa32d9556cb3d!8m2!3d35.0006009!4d135.7667893!16s%2Fg%2F1tgm2rwk!19sChIJy4VlDL4IAWARPctWlS2j-mE?authuser=0&hl=es-419&rclk=1","Fresco Teramachi","3.7","(295)","Tienda de alimentación","·","","寺町通仏光寺下ル 恵美須之町５２４","·","Abierto las 24 horas","","075-353-2491","https://www.super-fresco.co.jp/store/fresco/kyoto/shimogyo/teramachi/","","Sitio web","","Indicaciones","""Muchísima variedad en bebidas, frutas y platos preparados.""","",""
"https://www.google.com/maps/place/LAWSON+Kotochika-Oike+Store/data=!4m7!3m6!1s0x60010885b3c1cce9:0x6d00f616cba3f4cc!8m2!3d35.0108383!4d135.7595972!16s%2Fg%2F11df0pd5b7!19sChIJ6czBs4UIAWARzPSjyxb2AG0?authuser=0&hl=es-419&rclk=1","LAWSON Kotochika-Oike Store","2.9","(19)","Tienda de alimentación","·","","·","564 Torayacho","Abierto","·","075-254-8873","https://www.lawson.co.jp/index.html","","Sitio web","","Indicaciones","Retiro en tienda","",""
"https://www.google.com/maps/place/Lawson+Hirakata+Nakamiyahonmachi/data=!4m7!3m6!1s0x60011c67cf9a1c71:0x613da81804c16d68!8m2!3d34.8196685!4d135.6592618!16s%2Fg%2F1tm68vdr!19sChIJcRyaz2ccAWARaG3BBBioPWE?authuser=0&hl=es-419&rclk=1","Lawson Hirakata Nakamiyahonmachi","3.0","(36)","Tienda de alimentación","·","","·","Nakamiyahonmachi, 1−14 光産業","Abierto las 24 horas","·","072-848-7772","https://www.lawson.co.jp/","","Sitio web","","Indicaciones","Retiro en tienda","·","Entrega a domicilio"
"https://www.google.com/maps/place/Lawson+-+Karasuma+Fudanotsuji/data=!4m7!3m6!1s0x60010f53bfe07c27:0x5879944ffc88503f!8m2!3d34.9763048!4d135.7598661!16s%2Fg%2F11bz_sy0f9!19sChIJJ3zgv1MPAWARP1CI_E-UeVg?authuser=0&hl=es-419&rclk=1","Lawson - Karasuma Fudanotsuji","2.5","(38)","Tienda de alimentación","·","","·","Higashikujo Aketacho, ２６","Abierto las 24 horas","·","075-682-7060","https://www.e-map.ne.jp/p/lawson/dtl/244239/","","Sitio web","","Indicaciones","Retiro en tienda","·","Entrega a domicilio"
"https://www.google.com/maps/place/Lawson+-+Sanjo-ohashi+Bridge/data=!4m7!3m6!1s0x600108ecb4a823df:0x6825f5ac33185e10!8m2!3d35.0088427!4d135.7711342!16s%2Fg%2F1jgl_4khs!19sChIJ3yOotOwIAWAREF4YM6z1JWg?authuser=0&hl=es-419&rclk=1","Lawson - Sanjo-ohashi Bridge","3.2","(74)","Tienda de alimentación","·","","三条通河原町東入Nakajimacho, 110","·","Abierto las 24 horas","","075-211-2434","https://www.e-map.ne.jp/p/lawson/dtl/060048/","","Sitio web","","Indicaciones","Retiro en tienda","·","Entrega a domicilio"
"https://www.google.com/maps/place/Lawson+Takatsuki+Okanmuricho+1-chome/data=!4m7!3m6!1s0x60011d21b658e7df:0x89a146ed7fdfef07!8m2!3d34.8361628!4d135.6358105!16s%2Fg%2F1tfzxd4k!19sChIJ3-dYtiEdAWARB-_ff-1GoYk?authuser=0&hl=es-419&rclk=1","Lawson Takatsuki Okanmuricho 1-chome","3.1","(37)","Tienda de alimentación","·","","·","1 Chome-6-3 Okanmuricho","Abierto las 24 horas","·","072-671-1900","https://www.lawson.co.jp/","","Sitio web","","Indicaciones","Retiro en tienda","·","Entrega a domicilio"
"https://www.google.com/maps/place/FamilyMart/data=!4m7!3m6!1s0x6001088f1dec6f6b:0x50b10ef8e931a67b!8m2!3d35.0120877!4d135.7638462!16s%2Fg%2F11bcclzzzc!19sChIJa2_sHY8IAWARe6Yx6fgOsVA?authuser=0&hl=es-419&rclk=1","FamilyMart","3.1","(30)","Tienda de alimentación","·","","·","柳馬場通御池上るToraishicho, 39","Abierto las 24 horas","·","075-257-7885","https://as.chizumaru.com/famima/detailmap?account=famima&bid=52224","","Sitio web","","Indicaciones","Retiro en tienda","",""
"https://www.google.com/maps/place/Daily+Yamazaki+-+Karasuma+Hachijo+Entrance/data=!4m7!3m6!1s0x600108ada7bd732d:0xa714cb8120d084a1!8m2!3d34.9830511!4d135.7600034!16s%2Fg%2F1vqmj85l!19sChIJLXO9p60IAWARoYTQIIHLFKc?authuser=0&hl=es-419&rclk=1","Daily Yamazaki - Karasuma Hachijo Entrance","3.8","(40)","Tienda de alimentación","·","","16 Higashikujo Nishisannocho","·","Abierto las 24 horas","","075-681-7647","http://www.daily-yamazaki.jp/index.html","","Sitio web","","Indicaciones","""Mejor bakery que otros combinis.""","",""
"https://www.google.com/maps/place/FamilyMart+-+Kawaramachi+Takoyakushi/data=!4m7!3m6!1s0x600108c0110c6109:0x434dae6fe599960a!8m2!3d35.0064111!4d135.7688895!16s%2Fg%2F1tj73hf8!19sChIJCWEMEcAIAWARCpaZ5W-uTUM?authuser=0&hl=es-419&rclk=1","FamilyMart - Kawaramachi Takoyakushi","3.2","(44)","Tienda de alimentación","·","","河原町通蛸薬師上ルNarayacho, 295","·","Abierto las 24 horas","","075-229-6322","https://as.chizumaru.com/famima/detailmap?account=famima&bid=34390","","Sitio web","","Indicaciones","Retiro en tienda","",""
"https://www.google.com/maps/place/Lawson+Ibaraki+Higashi-ai+2-chome/data=!4m7!3m6!1s0x6000fd03f51b1987:0xb6a4aa7d5ecf1707!8m2!3d34.8514674!4d135.5675126!16s%2Fg%2F1tm8kgy7!19sChIJhxkb9QP9AGARBxfPXn2qpLY?authuser=0&hl=es-419&rclk=1","Lawson Ibaraki Higashi-ai 2-chome","2.9","(23)","Tienda de alimentación","·","","·","2 Chome-10-3 Higashiai","Abierto las 24 horas","·","072-640-1177","https://www.lawson.co.jp/","","Sitio web","","Indicaciones","Retiro en tienda","·","Entrega a domicilio"
"https://www.google.com/maps/place/Fresco+Mini+-+Kawaramachi+Imadegawa/data=!4m7!3m6!1s0x60010867bddf1adf:0x630883fa1f735201!8m2!3d35.0282849!4d135.7697598!16s%2Fg%2F1tf15shp!19sChIJ3xrfvWcIAWARAVJzH_qDCGM?authuser=0&hl=es-419&rclk=1","Fresco Mini - Kawaramachi Imadegawa","3.5","(165)","Tienda de alimentación","·","","河原町通今出川下ルKajiicho, 447-14 プランタンビル","·","Abierto las 24 horas","","075-222-5811","https://www.super-fresco.co.jp/store/fresco/kyoto/kamigyo/k_imadegawa/","","Sitio web","","Indicaciones","","",""
"https://www.google.com/maps/place/Moyori-Ichi+-+Gion-Shijo+Station/data=!4m7!3m6!1s0x6001096f7959e149:0x3c230c5d6e8b5775!8m2!3d35.0041722!4d135.7722931!16s%2Fg%2F11kj27cs_0!19sChIJSeFZeW8JAWARdVeLbl0MIzw?authuser=0&hl=es-419&rclk=1","Moyori-Ichi - Gion-Shijo Station","4.5","(8)","Tienda de alimentación","·","","·","四条大橋東詰","Abierto","·","075-533-6154","","","Indicaciones","","","","",""
"https://www.google.com/maps/place/FamilyMart;+Kusatsu+Kihan+island/data=!4m7!3m6!1s0x600172e8514de4ab:0xd8ed027adc4109eb!8m2!3d35.0103907!4d135.9248579!16s%2Fg%2F1w4vjvmr!19sChIJq-RNUehyAWAR6wlB3HoC7dg?authuser=0&hl=es-419&rclk=1","FamilyMart; Kusatsu Kihan island","3.5","(28)","Tienda de alimentación","·","","·","1842-1 Yabasecho","Abierto las 24 horas","·","077-566-8555","https://as.chizumaru.com/famima/detailmap?account=famima&bid=37065","","Sitio web","","Indicaciones","Retiro en tienda","",""
"https://www.google.com/maps/place/Lawson+Otokoyama+Nagasawa/data=!4m7!3m6!1s0x60011b465c2e5357:0x43eb7751fb795188!8m2!3d34.8676255!4d135.6919207!16s%2Fg%2F1tx1588z!19sChIJV1MuXEYbAWARiFF5-1F360M?authuser=0&hl=es-419&rclk=1","Lawson Otokoyama Nagasawa","1.9","(16)","Tienda de alimentación","·","","·","Otokoyama, Nagasawa−１４−1","Abierto las 24 horas","·","075-983-7180","https://www.lawson.co.jp/","","Sitio web","","Indicaciones","Retiro en tienda","",""
"https://www.google.com/maps/place/Onimaru/data=!4m7!3m6!1s0x60010994ec8613a3:0x7900837938baac41!8m2!3d35.0086473!4d135.7688247!16s%2Fg%2F11vlq8_2tx!19sChIJoxOG7JQJAWARQay6OHmDAHk?authuser=0&hl=es-419&rclk=1","Onimaru","4.4","(192)","Japonesa","·","","河原町通三条下るDaikokucho, 33-4","·","Abierto","","075-741-7222","https://www.onimaru-net.com/","","Sitio web","","Indicaciones","""Muy buenos los onigiris, buena relación calidad precio.""","",""
"https://www.google.com/maps/place/7-Eleven+Kamigamo-Nikenyacho/data=!4m7!3m6!1s0x6001a7c458455555:0x4362e206289972af!8m2!3d35.077462!4d135.7640282!16s%2Fg%2F12hprxf2p!19sChIJVVVFWMSnAWARr3KZKAbiYkM?authuser=0&hl=es-419&rclk=1","7-Eleven Kamigamo-Nikenyacho","3.4","(31)","Tienda de alimentación","·","","·","5 Kamigamo Nikenyacho","Abierto las 24 horas","·","075-703-1008","http://www.sej.co.jp/","","Sitio web","","Indicaciones","Retiro en tienda","",""
"https://www.google.com/maps/place/Lawson+-+Arashiyama+Tanigatsujiko-cho/data=!4m7!3m6!1s0x6001074e232ec299:0x23bda5384965897a!8m2!3d35.0068385!4d135.6823928!16s%2Fg%2F11hcjxtbxs!19sChIJmcIuI04HAWAReollSTilvSM?authuser=0&hl=es-419&rclk=1","Lawson - Arashiyama Tanigatsujiko-cho","3.3","(34)","Tienda de alimentación","·","","·","Arashiyama Tanigatsujikocho, ５７−4","Abierto las 24 horas","·","075-862-3270","https://www.lawson.co.jp/","","Sitio web","","Indicaciones","Retiro en tienda","",""
"https://www.google.com/maps/place/Lawson+Katano+Kuraji+1-chome/data=!4m7!3m6!1s0x6001194136be1eb9:0x3cf16f1ee0606fe6!8m2!3d34.7921135!4d135.6908665!16s%2Fg%2F1tj91fs4!19sChIJuR6-NkEZAWAR5m9g4B5v8Tw?authuser=0&hl=es-419&rclk=1","Lawson Katano Kuraji 1-chome","3.4","(14)","Tienda de alimentación","·","","·","1 Chome-55-12 Kuraji","Abierto las 24 horas","·","072-894-0035","https://www.lawson.co.jp/","","Sitio web","","Indicaciones","Retiro en tienda","",""
"https://www.google.com/maps/place/Lawson+Higashioji-Umamachi/data=!4m7!3m6!1s0x600108c941995cf9:0xa7804dd9169ef85!8m2!3d34.9927862!4d135.7747315!16s%2Fg%2F11bccm06qm!19sChIJ-VyZQckIAWARhe9pkd0EeAo?authuser=0&hl=es-419&rclk=1","Lawson Higashioji-Umamachi","3.1","(48)","Tienda de alimentación","·","","·","Kaneicho, ４−415","Abierto las 24 horas","·","075-533-0905","https://www.e-map.ne.jp/p/lawson/dtl/292356/","","Sitio web","","Indicaciones","Retiro en tienda","",""
"https://www.google.com/maps/place/7-Eleven+-+Ky%C5%8Dto+Yoshida+Konoe-ch%C5%8D+Shop/data=!4m7!3m6!1s0x600108f717a1ed13:0xf2d458610ec504a1!8m2!3d35.0216994!4d135.7788406!16s%2Fg%2F11c1pm5n6k!19sChIJE-2hF_cIAWARoQTFDmFY1PI?authuser=0&hl=es-419&rclk=1","7-Eleven - Kyōto Yoshida Konoe-chō Shop","2.4","(67)","Tienda de alimentación","·","","·","26-84 Yoshidakonoecho","Abierto","·","075-752-0711","http://www.sej.co.jp/","","Sitio web","","Indicaciones","Retiro en tienda","",""
"https://www.google.com/maps/place/Gochisou+Yakimusubi+Onimaru+Kyoto+Shijo+Kawaramachi/data=!4m7!3m6!1s0x600109fba6476f35:0xaa0154c2001a83f3!8m2!3d35.0038403!4d135.7673899!16s%2Fg%2F11kj4k9qdv!19sChIJNW9HpvsJAWAR84MaAMJUAao?authuser=0&hl=es-419&rclk=1","Gochisou Yakimusubi Onimaru Kyoto Shijo Kawaramachi","4.5","(412)","Japonesa","·","","·","7 Otabimiyamotocho","Abierto","·","075-746-6777","https://www.onimaru-net.com/","","Sitio web","","Indicaciones","""Los dos onigiris que cogimos estaban deliciosos, nos gustó mucho el lugar.""","",""
"https://www.google.com/maps/place/Lawson+%C5%8Ctsu+Central+2-ch%C5%8Dme/data=!4m7!3m6!1s0x60010c5f9b88a6df:0xee035165277ce0f3!8m2!3d35.0090822!4d135.8651879!16s%2Fg%2F1tg15msp!19sChIJ36aIm18MAWAR8-B8J2VRA-4?authuser=0&hl=es-419&rclk=1","Lawson Ōtsu Central 2-chōme","2.8","(22)","Tienda de alimentación","·","","·","2 Chome-813-1 Central","Abierto las 24 horas","·","077-525-6786","https://www.lawson.co.jp/index.html","","Sitio web","","Indicaciones","Retiro en tienda","·","Entrega a domicilio"
"https://www.google.com/maps/place/FamilyMart+Kizugawa-Kubo/data=!4m7!3m6!1s0x60013c6da17ba9d3:0x7ed46c7721322b61!8m2!3d34.7303501!4d135.8034558!16s%2Fg%2F1tgx1yc4!19sChIJ06l7oW08AWARYSsyIXds1H4?authuser=0&hl=es-419&rclk=1","FamilyMart Kizugawa-Kubo","3.0","(41)","Tienda de alimentación","·","","·","Kawakubo-16-4 Saganaka","Abierto","·","0774-71-8492","https://as.chizumaru.com/famima/detailmap?account=famima&bid=52282","","Sitio web","","Indicaciones","Retiro en tienda","",""
"https://www.google.com/maps/place/7-Eleven/data=!4m7!3m6!1s0x6000fb1bc7e753a5:0x10e87a7f1cd4fc9!8m2!3d34.8108449!4d135.493876!16s%2Fg%2F12lwdrvpv!19sChIJpVPnxxv7AGARyU_N8aeHDgE?authuser=0&hl=es-419&rclk=1","7-Eleven","2.4","(58)","Tienda de alimentación","·","","·","1 Chome-2-3 Shinsenri Higashimachi","Abierto","·","06-6835-7311","http://www.sej.co.jp/","","Sitio web","","Indicaciones","Retiro en tienda","",""
"https://www.google.com/maps/place/7-Eleven;+Kusatsu+Oiwake/data=!4m7!3m6!1s0x6001720e9dbbaea1:0x5c16a272a407e9f8!8m2!3d35.0093167!4d135.9659264!16s%2Fg%2F1w0q_twg!19sChIJoa67nQ5yAWAR-OkHpHKiFlw?authuser=0&hl=es-419&rclk=1","7-Eleven; Kusatsu Oiwake","2.4","(32)","Tienda de alimentación","·","","·","1 Chome-5-21 Oiwake","Abierto las 24 horas","·","077-565-7635","http://www.sej.co.jp/","","Sitio web","","Indicaciones","Retiro en tienda","",""
"https://www.google.com/maps/place/Seven+Bank+ATM/data=!4m7!3m6!1s0x6001070e9c5cc40f:0x2d485f22f34d5d1b!8m2!3d35.013611!4d135.7138838!16s%2Fg%2F11k0n47j8s!19sChIJD8RcnA4HAWARG11N8yJfSC0?authuser=0&hl=es-419&rclk=1","Seven Bank ATM","","","Cajeros automáticos","·","","·","14-1 Uzumasa Kamikeibucho","Abierto las 24 horas","·","0120-771-179","https://location.sevenbank.co.jp/sevenbank/spot/detail?code=0000022192","","Sitio web","","Indicaciones","","",""
"https://www.google.com/maps/place/Konbini/data=!4m7!3m6!1s0x60011c6f7f698a79:0x23268080aafd84d6!8m2!3d34.8211615!4d135.6644262!16s%2Fg%2F1tdb45hl!19sChIJeYppf28cAWAR1oT9qoCAJiM?authuser=0&hl=es-419&rclk=1","Konbini","2.8","(5)","Tintorería","·","","14-8 Nakamiya Higashinocho","·","Abierto ahora","","072-840-1855","","","Indicaciones","","","","",""
"https://www.google.com/maps/place/Bake+House+Inoue/data=!4m7!3m6!1s0x600108b5d6fd7ab9:0x1a59fc8f739f443b!8m2!3d34.9891797!4d135.7691281!16s%2Fg%2F1hhjp_jtr!19sChIJuXr91rUIAWARO0Sfc4_8WRo?authuser=0&hl=es-419&rclk=1","Bake House Inoue","4.4","(223)","Panadería","·","","·","221 Hiyoshicho","Abierto","·","075-561-7836","https://www.instagram.com/inoue_seipan1952/","","Sitio web","","Indicaciones","Para llevar","·","No ofrece consumo en el lugar"
"https://www.google.com/maps/place/7-ELEVEN+Kyoto+Shimogamo+Takagicho+Store/data=!4m7!3m6!1s0x6001083933f12c3b:0xf8bf544675b2db4e!8m2!3d35.0443811!4d135.7763359!16s%2Fg%2F1tg6vlpx!19sChIJOyzxMzkIAWARTtuydUZUv_g?authuser=0&hl=es-419&rclk=1","7-ELEVEN Kyoto Shimogamo Takagicho Store","2.6","(33)","Tienda de alimentación","·","","·","34 Shimogamo Takagicho","Abierto las 24 horas","·","075-703-3525","http://www.sej.co.jp/","","Sitio web","","Indicaciones","Retiro en tienda","",""
"https://www.google.com/maps/place/FamilyMart+OBP+KDDI+Osaka+Building/data=!4m7!3m6!1s0x6000e0c4581455ed:0xa7ea8b055255ba80!8m2!3d34.6930416!4d135.534557!16s%2Fg%2F1v8j09r2!19sChIJ7VUUWMTgAGARgLpVUgWL6qc?authuser=0&hl=es-419&rclk=1","FamilyMart OBP KDDI Osaka Building","2.9","(18)","Tienda de alimentación","·","","·","2 Chome-2-72 Shiromi","Abierto","·","06-4790-6536","https://as.chizumaru.com/famima/detailmap?account=famima&bid=77905","","Sitio web","","Indicaciones","","",""
"https://www.google.com/maps/place/7-Eleven/data=!4m7!3m6!1s0x6001119e340b0071:0xaba0a600f9a4df38!8m2!3d34.8985918!4d135.8117426!16s%2Fg%2F11b771tkp0!19sChIJcQALNJ4RAWARON-k-QCmoKs?authuser=0&hl=es-419&rclk=1","7-Eleven","4.0","(24)","Tienda de alimentación","·","","·","Monmae-27-2 Todo","Abierto las 24 horas","·","0774-21-5150","http://www.sej.co.jp/index.html","","Sitio web","","Indicaciones","Retiro en tienda","",""
"https://www.google.com/maps/place/FamilyMart/data=!4m7!3m6!1s0x6000dfe0a20dfe91:0x6527763b752e8cd2!8m2!3d34.6823634!4d135.5821921!16s%2Fg%2F1thx_pdq!19sChIJkf4NouDfAGAR0owudTt2J2U?authuser=0&hl=es-419&rclk=1","FamilyMart","3.4","(30)","Tienda de alimentación","·","","·","1 Chome-9-16 Kusune","Abierto las 24 horas","·","06-6748-9922","https://as.chizumaru.com/famima/detailmap?account=famima&bid=30678","","Sitio web","","Indicaciones","Retiro en tienda","",""
"https://www.google.com/maps/place/Lawson+S+Park+Lawson+Senri/data=!4m7!3m6!1s0x6000fbbbb86f1fc5:0x23d9cb856cb1432b!8m2!3d34.8100167!4d135.5046036!16s%2Fg%2F11txhl96m9!19sChIJxR9vuLv7AGARK0OxbIXL2SM?authuser=0&hl=es-419&rclk=1","Lawson S Park Lawson Senri","3.8","(13)","Tienda de alimentación","·","","·","3 Chome-8-3 Shinsenri Higashimachi","Abierto","·","06-4798-5660","https://www.e-map.ne.jp/p/lawson/dtl/377035/","","Sitio web","","Indicaciones","Retiro en tienda","",""
"https://www.google.com/maps/place/Lawson+Yunagi+2-chome/data=!4m7!3m6!1s0x6000e7d5284d5e2f:0x590cf4646e0a03ff!8m2!3d34.661143!4d135.4520635!16s%2Fg%2F1hc4dxfxj!19sChIJL15NKNXnAGAR_wMKbmT0DFk?authuser=0&hl=es-419&rclk=1","Lawson Yunagi 2-chome","3.2","(20)","Tienda de alimentación","·","","·","2 Chome-17-23 Yunagi","Abierto las 24 horas","·","06-6577-0708","https://www.lawson.co.jp/","","Sitio web","","Indicaciones","Retiro en tienda","·","Entrega a domicilio"
"https://www.google.com/maps/place/FamilyMart+Daitocho+2-chome/data=!4m7!3m6!1s0x6000e1526d089fe1:0xd71d21502cff37e4!8m2!3d34.7241427!4d135.5286413!16s%2Fg%2F1tfzrt59!19sChIJ4Z8IbVLhAGAR5Df_LFAhHdc?authuser=0&hl=es-419&rclk=1","FamilyMart Daitocho 2-chome","3.4","(11)","Tienda de alimentación","·","","·","2 Chome-6-17 Daitocho","Abierto las 24 horas","·","06-6924-6650","https://as.chizumaru.com/famima/detailmap?account=famima&bid=37805","","Sitio web","","Indicaciones","Retiro en tienda","",""
"https://www.google.com/maps/place/FamilyMart/data=!4m7!3m6!1s0x600120468ddfc51b:0x6c7a52bbd76f24f!8m2!3d34.6845186!4d135.6262087!16s%2Fg%2F11c7t1kbdz!19sChIJG8XfjUYgAWART_J2vSulxwY?authuser=0&hl=es-419&rclk=1","FamilyMart","2.7","(26)","Tienda de alimentación","·","","·","1 Chome-16-15 Imagome","Abierto las 24 horas","·","072-960-3336","https://as.chizumaru.com/famima/detailMap?account=famima&accmd=0&bid=52779","","Sitio web","","Indicaciones","Retiro en tienda","",""
"https://www.google.com/maps/place/%E3%80%90the+kind%E3%80%91+Breakfast/data=!4m7!3m6!1s0x600109bb4d78baf5:0xa0468afd84966833!8m2!3d34.9937865!4d135.7698649!16s%2Fg%2F11v02sxs6y!19sChIJ9bp4TbsJAWARM2iWhP2KRqA?authuser=0&hl=es-419&rclk=1","【the kind】 Breakfast","5.0","(561)","Vegetariana estricta","·","","·","2 Chome-84-2 Honmachi","Abierto","","","https://www.instagram.com/the_kind_cafe/","","Sitio web","","Indicaciones","""✨

⭐️⭐️⭐️⭐️⭐️""","",""
"https://www.google.com/maps/place/7-Eleven/data=!4m7!3m6!1s0x600109cad88b90cf:0xc50ee8b330492eaa!8m2!3d35.050376!4d135.790657!16s%2Fg%2F1tdw7z4v!19sChIJz5CL2MoJAWARqi5JMLPoDsU?authuser=0&hl=es-419&rclk=1","7-Eleven","3.3","(19)","Tienda de alimentación","·","","·","8-80 Yamabana Itchodacho","Abierto las 24 horas","·","075-711-6616","https://www.sej.co.jp/","","Sitio web","","Indicaciones","Retiro en tienda","",""
"https://www.google.com/maps/place/Lawson+S-Marutamachi-byoin/data=!4m7!3m6!1s0x600107c43fdd289f:0xb40c47a9d5b2e54f!8m2!3d35.018844!4d135.7389901!16s%2Fg%2F11dxnt82gz!19sChIJnyjdP8QHAWART-Wy1alHDLQ?authuser=0&hl=es-419&rclk=1","Lawson S-Marutamachi-byoin","3.5","(8)","Tienda de alimentación","·","","·","9-7 Jurakumawari Matsushitacho","Abierto","·","075-823-0076","https://www.lawson.co.jp/","","Sitio web","","Indicaciones","","",""
"https://www.google.com/maps/place/FamilyMart/data=!4m7!3m6!1s0x60011f0842208261:0xd3bae58953dc0ef7!8m2!3d34.7410884!4d135.6370011!16s%2Fg%2F11g8v41llg!19sChIJYYIgQggfAWAR9w7cU4nlutM?authuser=0&hl=es-419&rclk=1","FamilyMart","2.8","(21)","Tienda de alimentación","·","","·","1-chome-10-1 Nishinakano","Abierto las 24 horas","·","072-863-0777","https://as.chizumaru.com/famima/detailmap?account=famima&bid=36960","","Sitio web","","Indicaciones","Retiro en tienda","",""
"https://www.google.com/maps/place/FamilyMart+Kawabata+Jinaicho/data=!4m7!3m6!1s0x6000e19fa8acfc6b:0xecf1298e708b58c!8m2!3d34.7330276!4d135.5650038!16s%2Fg%2F12hk69kwt!19sChIJa_ysqJ_hAGARjLUI55gSzw4?authuser=0&hl=es-419&rclk=1","FamilyMart Kawabata Jinaicho","2.8","(20)","Tienda de alimentación","·","","·","1 Chome-4-3 Jinaicho","Abierto las 24 horas","·","06-6995-5581","https://as.chizumaru.com/famima/detailmap?account=famima&bid=36446","","Sitio web","","Indicaciones","Retiro en tienda","",""
"https://www.google.com/maps/place/7-Eleven/data=!4m7!3m6!1s0x6000e717059f36bf:0x2c17233b3d2b6453!8m2!3d34.6746538!4d135.5034661!16s%2Fg%2F1tg67_bh!19sChIJvzafBRfnAGARU2QrPTsjFyw?authuser=0&hl=es-419&rclk=1","7-Eleven","3.2","(64)","Tienda de alimentación","·","","·","1 Chome-12-17 Higashishinsaibashi","Abierto","·","06-6241-7140","http://www.sej.co.jp/","","Sitio web","","Indicaciones","""Pero gran servicio.""","",""
"https://www.google.com/maps/place/7-Eleven/data=!4m7!3m6!1s0x6001739e82c11263:0xbf62ba7524d57bac!8m2!3d35.051811!4d135.9448582!16s%2Fg%2F1thzntf5!19sChIJYxLBgp5zAWARrHvVJHW6Yr8?authuser=0&hl=es-419&rclk=1","7-Eleven","3.4","(34)","Tienda de alimentación","·","","·","17-1 Shinanakacho","Abierto las 24 horas","·","077-568-3135","http://www.sej.co.jp/","","Sitio web","","Indicaciones","Retiro en tienda","",""
"https://www.google.com/maps/place/Family+Mart/data=!4m7!3m6!1s0x6000e5003bc23f15:0xf429810b9349438d!8m2!3d34.7580859!4d135.4616677!16s%2Fg%2F11vt2d1zqh!19sChIJFT_COwDlAGARjUNJkwuBKfQ?authuser=0&hl=es-419&rclk=1","Family Mart","","","Tienda de alimentación","·","","·","3 Chome-11-25 Kozushima","Abierto","·","06-6152-5897","https://as.chizumaru.com/famima/detailMap?account=famima&accmd=0&bid=69339","","Sitio web","","Indicaciones","Retiro en tienda","",""
"https://www.google.com/maps/place/Lawson+Higashiosaka+Kusune+2-chome/data=!4m7!3m6!1s0x6000dfe19a6b30f9:0xaf4c3b5130013dde!8m2!3d34.6853109!4d135.5851488!16s%2Fg%2F11c2qg7c_y!19sChIJ-TBrmuHfAGAR3j0BMFE7TK8?authuser=0&hl=es-419&rclk=1","Lawson Higashiosaka Kusune 2-chome","3.2","(36)","Tienda de alimentación","·","","·","2 Chome-6-16 Kusune","Abierto las 24 horas","·","06-6747-4163","https://www.lawson.co.jp/","","Sitio web","","Indicaciones","Retiro en tienda","·","Entrega a domicilio"
"https://www.google.com/maps/place/FamilyMart/data=!4m7!3m6!1s0x6000e699fbef6f49:0xe29021b3c18cc6ba!8m2!3d34.7115936!4d135.5019802!16s%2Fg%2F1thxkz01!19sChIJSW_v-5nmAGARusaMwbMhkOI?authuser=0&hl=es-419&rclk=1","FamilyMart","2.7","(21)","Tienda de alimentación","·","","2 Chome-10-17 Toyosaki","·","Abierto las 24 horas","","06-6292-6682","https://as.chizumaru.com/famima/detailMap?account=famima&accmd=0&bid=53104","","Sitio web","","Indicaciones","Retiro en tienda","",""
"https://www.google.com/maps/place/7-Eleven/data=!4m7!3m6!1s0x6000e1087b4f5263:0xfc774d045581e339!8m2!3d34.7210025!4d135.5609547!16s%2Fg%2F1x5fb73_!19sChIJY1JPewjhAGAROeOBVQRNd_w?authuser=0&hl=es-419&rclk=1","7-Eleven","3.7","(29)","Tienda de alimentación","·","","·","4 Chome-1-7 Shimizu","Abierto las 24 horas","·","06-6954-0776","http://www.sej.co.jp/","","Sitio web","","Indicaciones","Retiro en tienda","",""
"https://www.google.com/maps/place/Lawson/data=!4m7!3m6!1s0x6000e0f7626afb0d:0x12e1a1a6319f1c3c!8m2!3d34.7021773!4d135.5597946!16s%2Fg%2F1ptx7vjzq!19sChIJDftqYvfgAGARPByfMaah4RI?authuser=0&hl=es-419&rclk=1","Lawson","1.7","(59)","Tienda de alimentación","·","","·","2 Chome-14-12 Imafukuhigashi","Abierto las 24 horas","·","06-6933-6775","https://www.lawson.co.jp/","","Sitio web","","Indicaciones","Retiro en tienda","·","Entrega a domicilio"
"https://www.google.com/maps/place/Lawson+Kowakae+2-chome/data=!4m7!3m6!1s0x6000df743f3616f3:0xfe85496b60a7cb5!8m2!3d34.6485165!4d135.585518!16s%2Fg%2F1tf02bvh!19sChIJ8xY2P3TfAGARtXwKtpZU6A8?authuser=0&hl=es-419&rclk=1","Lawson Kowakae 2-chome","3.5","(13)","Tienda de alimentación","·","","·","Kowakae, 2 Chome−16−2 グランブール鳥居本","Abierto las 24 horas","·","06-6729-7035","https://www.lawson.co.jp/","","Sitio web","","Indicaciones","Retiro en tienda","·","Entrega a domicilio"
"","","","","","","","","","","","","","","","","","","",""