link,qBF1Pd,MW4etd,UY7F9,W4Efsd,W4Efsd 2,doJOZc,W4Efsd 3,W4Efsd 4,W4Efsd 5,W4Efsd 6,W4Efsd 7,UsdlK,FQ2IWe src,ah5Ghc,M4A5Cf,ah5Ghc 2,latitude,longitude
https://www.google.com/maps/place/Kon%27s+Cycle/data=!4m7!3m6!1s0x6001064a1063da59:0x9a2ca1a6749196a8!8m2!3d34.9998431!4d135.7324021!16s%2Fg%2F1w0h_hww!19sChIJWdpjEEoGAWARqJaRdKahLJo?authuser=0&hl=es-419&rclk=1,Kon's Cycle,3.3,(60),自転車屋,·,,·,"Saiinhiramachi, 31 コンズサイクル西大路店",Abierto,⋅ Cierra a las 7 p.m.,·,075-312-6680,https://lh3.googleusercontent.com/gps-cs-s/AG0ilSxl8737dJyoaOzaH44ik2fCl3bwVZy7K-1VjUYxnQrIVbhuuwkD2ZjDTEeQsuZy60EX4Hr7F-YkEgY3eUgbVbFy3I_UHXpjh5GtfTIu-FaROn74SrnispqGd7r8YRSVx3x4WsVf=w122-h92-k-no,Compras en tienda,,,34.9998431,135.7324021
https://www.google.com/maps/place/%E8%87%AA%E8%BB%A2%E8%BB%8A%E3%82%B5%E3%82%AC%E3%83%8E%E3%80%90%E5%87%BA%E5%BC%B5%E4%BF%AE%E7%90%86%E5%B0%82%E9%96%80%E3%80%91%E2%80%BB%E5%BA%97%E8%88%97%E3%81%AA%E3%81%97/data=!4m7!3m6!1s0x6001079f5280781f:0xf9f9054830f3741a!8m2!3d35.0012622!4d135.7375894!16s%2Fg%2F11j934630w!19sChIJH3iAUp8HAWARGnTzMEgF-fk?authuser=0&hl=es-419&rclk=1,自転車サガノ【出張修理専門】※店舗なし,4.9,(40),自転車修理・整備店,·,,57-49 Mibushimomizocho,·,Cerrado,⋅ Abre a las 9 a.m. del mié,,080-4970-7398,https://lh3.googleusercontent.com/p/AF1QipOngD6rB8Yk9YdAd960RaXHgZJi2u4Rdat0NAFf=w122-h92-k-no,,,,35.0012622,135.7375894
https://www.google.com/maps/place/AEON+Cycle+Shop/data=!4m7!3m6!1s0x6001064ea7aa2d35:0x4f86088cf449df25!8m2!3d34.9970686!4d135.7276593!16s%2Fg%2F11gnp8r4pn!19sChIJNS2qp04GAWARJd9J9IwIhk8?authuser=0&hl=es-419&rclk=1,AEON Cycle Shop,2.0,(42),自転車屋,·,,·,"Saiinoiwakecho, 25-1 イオンスタイル京都五条",Abierto,⋅ Cierra a las 9 p.m.,·,075-322-2300,https://lh3.googleusercontent.com/gps-cs-s/AG0ilSxFKb_aCJop4TnVAFJ9p3ZIkfM7FumK_Yw2v1qJgKv95JqStTXt_GmM36a8ngcxIW_tlUlmb0D93xhtMsaewngLrWLIy1xLEvLqKKiTuABD1zCL7Jkm51J66AIPz56NzSpxX7yc=w138-h92-k-no,Retiro en tienda,,,34.9970686,135.7276593
https://www.google.com/maps/place/%E3%83%90%E3%82%A4%E3%82%B7%E3%82%AF%E3%83%AB%E3%82%B9%E3%83%88%E3%82%A2+%E3%83%95%E3%83%AA%E3%83%BC/data=!4m7!3m6!1s0x6001066ad8de2f9b:0xf85b2b07893bb534!8m2!3d34.9905461!4d135.7325982!16s%2Fg%2F11c5s7kj3t!19sChIJmy_e2GoGAWARNLU7iQcrW_g?authuser=0&hl=es-419&rclk=1,バイシクルストア フリー,3.7,(16),自転車屋,·,,39-3 Nishishichijo Hiwadacho,·,Abierto,⋅ Cierra a las 7 p.m.,,075-313-2700,https://lh3.googleusercontent.com/p/AF1QipPa7Fsni-1HuHERZRYUOp4ZMKgo6lV38Qz90zee=w122-h92-k-no,,,,34.9905461,135.7325982
https://www.google.com/maps/place/Cycle+Shop+Eirin+Tanbaguchi/data=!4m7!3m6!1s0x60010624b38e3cb9:0x6d3da16561a06a3c!8m2!3d34.9959078!4d135.7428262!16s%2Fg%2F1ptz9r037!19sChIJuTyOsyQGAWARPGqgYWWhPW0?authuser=0&hl=es-419&rclk=1,Cycle Shop Eirin Tanbaguchi,4.0,(41),自転車屋,·,,17-2 長栄17-2 クレメント五条,·,Abierto,⋅ Cierra a las 7 p.m.,,075-353-7787,https://lh3.googleusercontent.com/p/AF1QipOLqzli960njdrlZD6DhJLIRKk0y9sVevv3oOdy=w138-h92-k-no,Compras en tienda,,,34.9959078,135.7428262
https://www.google.com/maps/place/Pals/data=!4m7!3m6!1s0x6001064849bee559:0x666004d3341f0868!8m2!3d34.996387!4d135.731888!16s%2Fg%2F1pv000cdc!19sChIJWeW-SUgGAWARaAgfNNMEYGY?authuser=0&hl=es-419&rclk=1,Pals,4.0,(89),バイク ショップ,·,,14-2 Saiinminamitakadacho,·,Abierto,⋅ Cierra a las 7 p.m.,,075-748-9641,https://lh3.googleusercontent.com/gps-cs-s/AG0ilSxNnH8kjAZvmSM3F4jwFQyJhi6MY8lHgg7SRe5LQpM6IcrPdLglK_XltrJyUBX7ayE6bHZUJJ6MwMq4lWD9FoAmVuPTbXYap9HEK7kW8G3QQyD_4mJJ6PVuiDY2es1jU_VAiMPsaA=w138-h92-k-no,,,,34.996387,135.731888
https://www.google.com/maps/place/%E8%87%AA%E8%BB%A2%E8%BB%8A%E4%BF%AE%E7%90%86+%E3%83%89%E3%82%AF%E3%82%BF%E3%83%BC%E3%82%B5%E3%82%A4%E3%82%AF%E3%83%AB/data=!4m7!3m6!1s0x600107c72584488b:0x5a892a5d13117450!8m2!3d35.0025347!4d135.7462421!16s%2Fg%2F11j7qs8tv5!19sChIJi0iEJccHAWARUHQRE10qiVo?authuser=0&hl=es-419&rclk=1,自転車修理 ドクターサイクル,4.8,(41),自転車修理・整備店,·,,·,22-2 Mibukayogoshocho,Abierto,⋅ Cierra a las 7 p.m.,·,075-366-8360,https://lh3.googleusercontent.com/p/AF1QipNu76BtT43dUnhXWwtv9vZKyOMCNaLg61H-NESY=w122-h92-k-no,,,,35.0025347,135.7462421
https://www.google.com/maps/place/%E5%B2%A1%E6%9C%AC%E8%87%AA%E8%BB%A2%E8%BB%8A%E5%95%86%E4%BC%9A/data=!4m7!3m6!1s0x6001063147b32369:0xb396ffc4b2e13984!8m2!3d35.0010773!4d135.7385968!16s%2Fg%2F1tfnyh58!19sChIJaSOzRzEGAWARhDnhssT_lrM?authuser=0&hl=es-419&rclk=1,岡本自転車商会,4.9,(15),自転車修理・整備店,·,,仏光寺中新道西入,,,,,075-311-5246,https://lh3.googleusercontent.com/gps-cs-s/AG0ilSwt5N0ZUO7Gtb85IbcI5HDuBv_cH8EhFn9hrzW9nEmw8iuABzB9a1hFrWEGvUnx-hLTAt-zsUhPW8X6tuXt_17YgbaaXD6k2X6NSN7JUWVhDsQtAap_xTemyWIMtuJ47dvgmQWI=w80-h106-k-no,,,,35.0010773,135.7385968
https://www.google.com/maps/place/CycleDream/data=!4m7!3m6!1s0x600107a91e7ad8e3:0xb89aafebb99a1765!8m2!3d35.00338!4d135.717479!16s%2Fg%2F1tfbssqp!19sChIJ49h6HqkHAWARZReaueuvmrg?authuser=0&hl=es-419&rclk=1,CycleDream,4.3,(57),自転車屋,·,,3-2 Saiinhigashikaigawacho,·,Abierto,⋅ Cierra a las 7 p.m.,,075-323-3666,https://lh3.googleusercontent.com/p/AF1QipPD3stBFSLfsPcZsdE0cFyu0UMnvQxDVFq8FV_F=w122-h92-k-no,Compras en tienda,·,Retiro en tienda,35.00338,135.717479
https://www.google.com/maps/place/%E3%82%B5%E3%82%A4%E3%82%AF%E3%83%AB%E3%83%99%E3%83%BC%E3%82%B9%E3%81%82%E3%81%95%E3%81%B2%E8%91%9B%E9%87%8E%E5%A4%A7%E8%B7%AF%E5%9B%9B%E6%9D%A1%E5%BA%97/data=!4m7!3m6!1s0x600107a7b876e11b:0xd87439c4d5340d55!8m2!3d35.0021875!4d135.7192114!16s%2Fg%2F11krwq8j8p!19sChIJG-F2uKcHAWARVQ001cQ5dNg?authuser=0&hl=es-419&rclk=1,サイクルベースあさひ葛野大路四条店,4.8,(12),自転車屋,·,,·,53 Saiinhigashikaigawacho,Abierto,⋅ Cierra a las 7 p.m.,·,075-325-1700,https://lh3.googleusercontent.com/p/AF1QipP1MQ33zeC5hM0BJvBrhvk5alfu0CiFTUg5v09y=w122-h92-k-no,Retiro en tienda,,,35.0021875,135.7192114
https://www.google.com/maps/place/Bicycle+Q-bei+Nij%C5%8D/data=!4m7!3m6!1s0x600107cd3d795555:0x619c98a27faac73f!8m2!3d35.008682!4d135.7409563!16s%2Fg%2F11bxg5nm_3!19sChIJVVV5Pc0HAWARP8eqf6KYnGE?authuser=0&hl=es-419&rclk=1,Bicycle Q-bei Nijō,4.6,(198),自転車屋,·,,119 Nishinokyo Toganoocho,·,Abierto,⋅ Cierra a las 7 p.m.,,075-803-1113,https://lh3.googleusercontent.com/gps-cs-s/AG0ilSx1q5PpdP11nNsnNVhsViBkZva8mFMl179VrlOP4zSo6b1hrqIXH9DiXdIVi80q7vksvbeX3CDEx8FATCdWsKPU7rYPsVEVhQSvx74eb2iiyfUHZe1WQPNG0vy_qDaLwAyoPh6APA=w136-h92-k-no,Compras en tienda,·,Retiro en tienda,35.008682,135.7409563
https://www.google.com/maps/place/%E3%83%A0%E3%83%A9%E3%82%BF%E3%83%BB%E3%82%B5%E3%82%A4%E3%82%AF%E3%83%AB/data=!4m7!3m6!1s0x6001063187f662cf:0x20b53cdd870e043a!8m2!3d35.0030417!4d135.7407755!16s%2Fg%2F11b7ss_n0f!19sChIJz2L2hzEGAWAROgQOh908tSA?authuser=0&hl=es-419&rclk=1,ムラタ・サイクル,4.5,(2),自転車屋,·,,18-22 Mibutakahicho,·,Abierto,⋅ Cierra a las 7 p.m.,,075-316-2317,https://streetviewpixels-pa.googleapis.com/v1/thumbnail?panoid=MQuNU7_VyG9AZuGLqz8oNQ&cb_client=search.gws-prod.gps&w=80&h=92&yaw=38.35066&pitch=0&thumbfov=100,,,,35.0030417,135.7407755
https://www.google.com/maps/place/LATTESTbike+%E4%BA%AC%E9%83%BD%E4%B8%89%E6%9D%A1%E5%BA%97/data=!4m7!3m6!1s0x6001070fb39f7eaf:0x7fac99dfffc04e01!8m2!3d35.0086363!4d135.7447953!16s%2Fg%2F11f779d177!19sChIJr36fsw8HAWARAU7A_9-ZrH8?authuser=0&hl=es-419&rclk=1,LATTESTbike 京都三条店,3.9,(34),自転車屋,·,,8-1 Nishinokyo Ikenouchicho,·,Abierto,⋅ Cierra a las 6:30 p.m.,,075-823-0073,https://lh3.googleusercontent.com/gps-cs-s/AG0ilSwEsZi46DjGQnUz0keOreVd117okItH4OBye3iFaKOIF1TJ7r5vq_h6C0MVOKMdpWNRhBJXak7-1sQlP1meTaP-FcqbApPR7MP_sOXKvPli--pX8BRfGXDRwpwW6fh0DNwubk-k=w122-h92-k-no,,,,35.0086363,135.7447953
https://www.google.com/maps/place/%E3%82%AD%E3%83%8F%E3%82%BF%E5%95%86%E4%BC%9A/data=!4m7!3m6!1s0x600107448b739091:0x2f2e1c05b6b26cd5!8m2!3d34.9992014!4d135.7323531!16s%2Fg%2F11gnsdcs7k!19sChIJkZBzi0QHAWAR1WyytgUcLi8?authuser=0&hl=es-419&rclk=1,キハタ商会,3.0,(2),自転車屋,·,,·,36 Saiinhiramachi,Abierto,⋅ Cierra a las 7 p.m.,·,075-392-2928,https://streetviewpixels-pa.googleapis.com/v1/thumbnail?panoid=EHK_XTfjNKeR9NUcFL06SA&cb_client=search.gws-prod.gps&w=80&h=92&yaw=104.023544&pitch=0&thumbfov=100,,,,34.9992014,135.7323531
https://www.google.com/maps/place/Parusu+Kyoto+Nishioji+Gojoten+Seibikojo/data=!4m7!3m6!1s0x600106485cf0debd:0xdc082e05432a22a6!8m2!3d34.9955202!4d135.7312575!16s%2Fg%2F11_r3xt9b!19sChIJvd7wXEgGAWARpiIqQwUuCNw?authuser=0&hl=es-419&rclk=1,Parusu Kyoto Nishioji Gojoten Seibikojo,3.8,(48),バイク修理店,·,,·,14-3 Saiinnakamizucho,Abierto,⋅ Cierra a las 7 p.m.,·,075-874-1094,https://lh3.googleusercontent.com/p/AF1QipM_8UiWThbWpB5jV-rHEqyh-QePg2We_Ynxt3X1=w137-h92-k-no,,,,34.9955202,135.7312575
https://www.google.com/maps/place/Humhumhug+Cycle+Center+Kyoto%28%E4%BA%AC%E9%83%BD%E2%80%A2%E8%87%AA%E8%BB%A2%E8%BB%8A%E4%BF%AE%E7%90%86%E2%80%A2RENTALCYCLE%EF%BC%89/data=!4m7!3m6!1s0x600108814cfa71a3:0x568be601c10aa385!8m2!3d35.0110928!4d135.7567055!16s%2Fg%2F11cntm2sx3!19sChIJo3H6TIEIAWARhaMKwQHmi1Y?authuser=0&hl=es-419&rclk=1,Humhumhug Cycle Center Kyoto(京都•自転車修理•RENTALCYCLE）,4.1,(102),自転車屋,·,,西横町167番地1 WILL21烏丸御池,·,Abierto,⋅ Cierra a las 8 p.m.,,075-251-2211,https://lh3.googleusercontent.com/p/AF1QipM1u8xHBlwSgbW4UF42Pq2EbIDe7mMZU0TkcisF=w138-h92-k-no,,,,35.0110928,135.7567055
https://www.google.com/maps/place/%E6%9D%BE%E9%87%8E%E8%87%AA%E8%BB%A2%E8%BB%8A%E5%95%86%E4%BC%9A/data=!4m7!3m6!1s0x600106448cca43a7:0x5f813c450d5322fc!8m2!3d34.9877797!4d135.7256199!16s%2Fg%2F11hyl5jyn4!19sChIJp0PKjEQGAWAR_CJTDUU8gV8?authuser=0&hl=es-419&rclk=1,松野自転車商会,5.0,(4),スポーツ用品店,·,,·,"Nishikyogoku Tsukudacho, １５",Abierto,⋅ Cierra a las 6:30 p.m.,·,075-313-3588,https://streetviewpixels-pa.googleapis.com/v1/thumbnail?panoid=8blXzYYgqBUldy2Atr30Uw&cb_client=search.gws-prod.gps&w=80&h=92&yaw=71.10268&pitch=0&thumbfov=100,,,,34.9877797,135.7256199
https://www.google.com/maps/place/%E7%AB%B9%E5%86%85%E8%87%AA%E8%BB%A2%E8%BB%8A%E5%BA%97/data=!4m7!3m6!1s0x600107c97ab0867b:0x88062a38153aaa0b!8m2!3d35.0103024!4d135.7360394!16s%2Fg%2F1tc_8kqr!19sChIJe4aweskHAWARC6o6FTgqBog?authuser=0&hl=es-419&rclk=1,竹内自転車店,4.3,(39),自転車屋,·,,·,41-2 Nishinokyo Nishigekkocho,Abierto,⋅ Cierra a las 7:30 p.m.,·,080-3037-8518,https://lh3.googleusercontent.com/p/AF1QipPBli5cEMdZ_MoYZZSJm9gKGO65aI0RPwl8DZtA=w130-h92-k-no,Retiro en tienda,·,Entrega a domicilio,35.0103024,135.7360394
https://www.google.com/maps/place/%E3%81%BF%E3%82%93%E3%81%AA%E3%81%AE%E3%81%98%E3%81%A6%E3%82%93%E3%81%97%E3%82%83/data=!4m7!3m6!1s0x600107002ef153bb:0x11016b4468a2925a!8m2!3d34.9948063!4d135.712229!16s%2Fg%2F12m95g4_p!19sChIJu1PxLgAHAWARWpKiaERrARE?authuser=0&hl=es-419&rclk=1,みんなのじてんしゃ,3.9,(36),自転車屋,·,,2 Nishikyogoku Shinmeicho,·,Abierto,⋅ Cierra a las 7 p.m.,,075-323-1031,https://lh3.googleusercontent.com/gps-cs-s/AG0ilSzYz-KsGcPhmIjXQRO-PFvnqizPK-ruHv87i1x1BvawtVjfKtcf4eNNzYe96o1F5SeSWx2rYPvOcH9kYDk6oCwM5Ovt861agmm5tmWOMhZXY5uTh1SfzOOkRcVjL8ZIfd5ZBRI=w138-h92-k-no,,,,34.9948063,135.712229
https://www.google.com/maps/place/Fun+Cycling+%E4%BA%AC%E9%83%BD%EF%BC%88%E8%87%AA%E8%BB%A2%E8%BB%8A%E8%B2%A9%E5%A3%B2%E3%83%BB%E4%BF%AE%E7%90%86%E5%BA%97%EF%BC%89/data=!4m7!3m6!1s0x6001078756098625:0x659596a6057f1920!8m2!3d34.9790612!4d135.7073032!16s%2Fg%2F11jncnxtgc!19sChIJJYYJVocHAWARIBl_BaaWlWU?authuser=0&hl=es-419&rclk=1,Fun Cycling 京都（自転車販売・修理店）,4.9,(37),自転車屋,·,,18-5 Katsuraichinomaecho,·,Abierto,⋅ Cierra a las 7 p.m.,,075-744-1813,https://lh3.googleusercontent.com/p/AF1QipOYFkVVTMfMHrhkBLj-yPWnGqMt6a36kf3LN5KH=w122-h92-k-no,Compras en tienda,·,Retiros en la puerta,34.9790612,135.7073032
https://www.google.com/maps/place/Iwai+Cycle+Kizuyabashi/data=!4m7!3m6!1s0x6001061c53c39531:0xcdfb6f83f1804a3b!8m2!3d34.9873693!4d135.7495168!16s%2Fg%2F11b5pjmx2n!19sChIJMZXDUxwGAWARO0qA8YNv-80?authuser=0&hl=es-419&rclk=1,Iwai Cycle Kizuyabashi,4.1,(69),自転車屋,·,,·,"大宮通木津屋橋下るKaminakanocho, 18−18",Cerrado,⋅ Abre a las 10 a.m. del mié,·,075-341-7702,https://lh3.googleusercontent.com/gps-cs-s/AG0ilSxgkN3c5cZkXHCOmPHO57pP0-UaKMyAQSDlEr6pWhD_7UfnjNY2HLuGnEZ-Sn1vNxP87pt0uPYtI-v0q4Zw0HkAG0_D0zQPuEpx1iejENjH41tGc36xZU5IGUb0vixGq4uwrLdu=w122-h92-k-no,,,,34.9873693,135.7495168
https://www.google.com/maps/place/Kyubee+Hakubaicho/data=!4m7!3m6!1s0x600107948375c25d:0x60e12a9ec90a7f2e!8m2!3d35.0251078!4d135.731309!16s%2Fg%2F1tcwlgcw!19sChIJXcJ1g5QHAWARLn8KyZ4q4WA?authuser=0&hl=es-419&rclk=1,Kyubee Hakubaicho,4.7,(447),自転車屋,·,,180-1 Taishogun Nishimachi,·,Abierto,⋅ Cierra a las 7 p.m.,,075-467-9598,https://lh3.googleusercontent.com/gps-cs-s/AG0ilSzsABDCdHscD4rA_G-3rnj6Be25bk-KrTME7YTIKGa4rYoRj0o1SJyjCj3f4XfPnOvwo2XTAUPlADHAMiVplXOqTYudkwUpZ7Z1LYG-GvMWycdCXDOz8AKFR-aWeoYeANoeiME=w148-h92-k-no,Compras en tienda,·,Retiro en tienda,35.0251078,135.731309
https://www.google.com/maps/place/Ryou+Cycle/data=!4m7!3m6!1s0x6001072dd7121cd1:0xe9be542eca9e06a7!8m2!3d34.9975967!4d135.7519487!16s%2Fg%2F11ckvv9b9v!19sChIJ0RwS1y0HAWARpwaeyi5Uvuk?authuser=0&hl=es-419&rclk=1,Ryou Cycle,4.7,(53),自転車屋,·,,"堀川通松原下るKakimotocho, 573番地 ライオンズマンション堀川 105号室",·,Cerrado,⋅ Abre a las 10 a.m. del mié,,075-286-7497,https://lh3.googleusercontent.com/p/AF1QipMCT_Gqwo6uPDZL9ShoJUokKYeUbwY43SkMv6QX=w163-h92-k-no,Compras en tienda,·,Retiro en tienda,34.9975967,135.7519487
https://www.google.com/maps/place/Cycle+Base+Asahi+Kuj%C5%8D/data=!4m7!3m6!1s0x600108acb31b08f7:0xd17b5e6efa6053f5!8m2!3d34.9797389!4d135.7576146!16s%2Fg%2F11c5_k9jxk!19sChIJ9wgbs6wIAWAR9VNg-m5ee9E?authuser=0&hl=es-419&rclk=1,Cycle Base Asahi Kujō,4.0,(64),自転車屋,·,,·,43 Higashikujo Shimotonodacho,Abierto,⋅ Cierra a las 7 p.m.,·,075-693-9785,https://lh3.googleusercontent.com/gps-cs-s/AG0ilSxqs03aghZR1VtOtB3yMcOQ7j7oFAQy66N8O4D9Odonb1tG8U-U1IpuwC06IdxhtkzEUfxs5NbSOFxSP_LbkHLlv9haQnz11TMwRx8DS1QbbWaKEvvXYCV3_7Zn5aWdfL5d4ow=w122-h92-k-no,Compras en tienda,·,Retiro en tienda,34.9797389,135.7576146
https://www.google.com/maps/place/Cycle+Shop+Reco/data=!4m7!3m6!1s0x600107bdf725b9ff:0x616a7bf1fae1544b!8m2!3d35.019029!4d135.727696!16s%2Fg%2F11bbvpl1zt!19sChIJ_7kl970HAWARS1Th-vF7amE?authuser=0&hl=es-419&rclk=1,Cycle Shop Reco,5.0,(20),自転車屋,·,,·,22-11 Nishinokyo Hakurakucho,Cierra pronto,⋅ 12:30 p.m. ⋅ Vuelve a abrir a las 3:30 p.m.,·,090-3923-8163,https://lh3.googleusercontent.com/p/AF1QipMW1w8nu6z1CXSLps0EmM4V_NVEyqay2zyBhR9S=w138-h92-k-no,Compras en tienda,·,Retiros en la puerta,35.019029,135.727696
https://www.google.com/maps/place/Mori+Bicycle+Shop/data=!4m7!3m6!1s0x6001087fd58509f7:0x59fd147036549a33!8m2!3d35.0136971!4d135.7542885!16s%2Fg%2F11f1wbfjkt!19sChIJ9wmF1X8IAWARM5pUNnAU_Vk?authuser=0&hl=es-419&rclk=1,Mori Bicycle Shop,5.0,(80),自転車屋,·,,335-13 Nishidaikokucho,·,Abierto,⋅ Cierra a las 5 p.m.,,075-231-0058,https://lh3.googleusercontent.com/gps-cs-s/AG0ilSzI_qr5EB8n0if61W8VIPlER46EGq9UtNFqufbdh_dNqz1eR-fYkT0vEhAZ45jKTBILKa10aS-S27n4TNY6Yt2vA6MDzLhTmgHAYF3sfiNxnF6U18L8Ew2nJKw_DcZIPUqo9ywf=w80-h106-k-no,Compras en tienda,·,Retiros en la puerta,35.0136971,135.7542885
https://www.google.com/maps/place/Sakaida+Auto+Center/data=!4m7!3m6!1s0x6001064aedb6f8fb:0xeb74c81045721db3!8m2!3d35.0027065!4d135.732233!16s%2Fg%2F1tcy460_!19sChIJ-_i27UoGAWARsx1yRRDIdOs?authuser=0&hl=es-419&rclk=1,Sakaida Auto Center,3.0,(27),バイク販売業者,·,,20 Saiinsanzocho,·,Abierto,⋅ Cierra a las 7 p.m.,,075-312-5661,https://lh3.googleusercontent.com/gps-cs-s/AG0ilSzFRB32KQXH19Fekriihd82Xly_3M5YsHgP6eVrO1CPxoJFpXB56e-tJZ5FOCrxdf7Qft4T28NjnXRh5yTrrAnZN6L3Yn6AVKjIUUvsLAtWN5P3jVkF-M2dGFQfdXIp447xcKqySw=w80-h106-k-no,,,,35.0027065,135.732233
https://www.google.com/maps/place/Winning+Bell/data=!4m7!3m6!1s0x6001070ac6da8cd7:0x3b5cd5ae36516023!8m2!3d35.01164!4d135.713229!16s%2Fg%2F1tcvbsyl!19sChIJ14zaxgoHAWARI2BRNq7VXDs?authuser=0&hl=es-419&rclk=1,Winning Bell,4.3,(37),自転車屋,·,,·,14 Uzumasa Morigamaecho,Abierto,⋅ Cierra a las 7 p.m.,·,075-873-2334,https://lh3.googleusercontent.com/gps-cs-s/AG0ilSyHrhNxTKbhxXin8SXxd366mTMt_Bdo8SHT5dQbkZGmg5JAkedJZ-7-pbl9si_jMdqM3cmjGSxivKDxW7d7MYIHw9PQ7RW9SZ3bg4j0jSYwiSMo-VX7nPX8fTPQh1EKJmRNonoj=w163-h92-k-no,Compras en tienda,·,Retiros en la puerta,35.01164,135.713229
https://www.google.com/maps/place/CYCLE+DOI/data=!4m7!3m6!1s0x6001062809bbbb3d:0xda99153fa051040!8m2!3d35.0034882!4d135.7513061!16s%2Fg%2F11bx1r_7g7!19sChIJPbu7CSgGAWARQBAF-lORqQ0?authuser=0&hl=es-419&rclk=1,CYCLE DOI,2.2,(12),自転車屋,·,,533 Karatsuyacho,·,Abierto,⋅ Cierra a las 7 p.m.,,075-841-9620,https://lh3.googleusercontent.com/gps-cs-s/AG0ilSzkYCDURvoMQO4e2_XfTL933AI5Idq97G-YPAwFvJEEoJhD18GvG_NoknFapB_32C1HMuCzwVGLP8wUsKPcDgI4SudVomOunYgcdSRIikPSOd9Lq8ywau_nGYYkRv9x9YgQiltY=w163-h92-k-no,,,,35.0034882,135.7513061
https://www.google.com/maps/place/VELMO%EF%BD%9CWELB+%E4%BA%AC%E9%83%BDBASE+%E3%82%A2%E3%83%99%E3%83%B3%E3%83%88%E3%82%A5%E3%83%BC%E3%83%A9%E3%82%A4%E3%83%95%E6%A0%AA%E5%BC%8F%E4%BC%9A%E7%A4%BE/data=!4m7!3m6!1s0x6001077baa2f0be5:0x1236c4b0c4f8e0d3!8m2!3d34.9831758!4d135.7246569!16s%2Fg%2F11tx7h5cc5!19sChIJ5QsvqnsHAWAR0-D4xLDENhI?authuser=0&hl=es-419&rclk=1,VELMO｜WELB 京都BASE アベントゥーライフ株式会社,5.0,(4),自転車屋,·,,17 Kisshoin Maegawaracho,·,Abierto,⋅ Cierra a las 6 p.m.,,070-6983-8730,https://lh3.googleusercontent.com/p/AF1QipPl7s8jo8sbuz3r5FPF8nGr8xlEtuBqKhiL9O6k=w122-h92-k-no,Retiros en la puerta,,,34.9831758,135.7246569
https://www.google.com/maps/place/Cycle/data=!4m7!3m6!1s0x6001071d4e1e25b9:0x28209d866bdb40ce!8m2!3d34.9913514!4d135.7043896!16s%2Fg%2F1tdft0p_!19sChIJuSUeTh0HAWARzkDba4adICg?authuser=0&hl=es-419&rclk=1,Cycle,3.5,(51),自転車屋,·,,·,2 Katsuratokudaiji Kitacho,Abierto,⋅ Cierra a las 7 p.m.,·,075-382-2571,https://lh3.googleusercontent.com/gps-cs-s/AG0ilSzMBM7ScmQZoI8EJNQJC1PvZjIQPiWSD-X1lQ4OoIaOxNS0Oe_8p1j9Ik8Te_sl827bzvFXr6GPLddToa3yutKXIU2qZUo9brn49POwa81U8NbGu4lWiNcHHQKplWdbM68LvEAzeg=w122-h92-k-no,Retiro en tienda,,,34.9913514,135.7043896
https://www.google.com/maps/place/Daiwa+Cycle+Katsura/data=!4m7!3m6!1s0x6001078edaa7d28b:0x3e2a6b9f3027ca92!8m2!3d34.9732354!4d135.7095829!16s%2Fg%2F11rkctgfcp!19sChIJi9Kn2o4HAWARksonMJ9rKj4?authuser=0&hl=es-419&rclk=1,Daiwa Cycle Katsura,4.5,(80),自転車屋,·,,·,16-1 Shimotsubayashi Maefukecho,Abierto,⋅ Cierra a las 8 p.m.,·,075-393-7888,https://lh3.googleusercontent.com/p/AF1QipOCUzdqr-VQ3enEQeXOCEeQTVUrYUDM6zPryTxN=w122-h92-k-no,Compras en tienda,·,Retiro en tienda,34.9732354,135.7095829
https://www.google.com/maps/place/%E3%81%98%E3%81%A6%E3%82%93%E3%81%97%E3%82%83%E5%B7%A5%E6%88%BF%E3%83%94%E3%83%A5%E3%82%A2/data=!4m7!3m6!1s0x6001062ce706134b:0xb70a744ea57212d!8m2!3d35.0084552!4d135.7454328!16s%2Fg%2F1thnnp3z!19sChIJSxMG5ywGAWARLSFX6kSncAs?authuser=0&hl=es-419&rclk=1,じてんしゃ工房ピュア,4.2,(5),自転車屋,·,,5-6 Mibubanbacho,·,Abierto,⋅ Cierra a las 5 p.m.,,075-813-1558,https://lh3.googleusercontent.com/gps-cs-s/AG0ilSxlPyaLFqgQY3_kM4p-5l1Xne1HX6NE5ix0ZNv4m0K8B2VrW7ZH-DSIKersdJJor0IM32Yvj8m2L5nrQT0l_ZUShM561O6rF_L8Puxw0T1LHVaf9s32j4OljDCDMSwzpXlb0PIseg=w163-h92-k-no,,,,35.0084552,135.7454328
https://www.google.com/maps/place/%E3%83%80%E3%82%A4%E3%83%AF%E3%82%B5%E3%82%A4%E3%82%AF%E3%83%ABSTYLE+%E3%82%A4%E3%82%AA%E3%83%B3%E3%83%A2%E3%83%BC%E3%83%ABKYOTO%E5%BA%97/data=!4m7!3m6!1s0x600109b649d4d0c3:0xe81f43d4c52007af!8m2!3d34.9829409!4d135.7555196!16s%2Fg%2F11vd9sh1gr!19sChIJw9DUSbYJAWARrwcgxdRDH-g?authuser=0&hl=es-419&rclk=1,ダイワサイクルSTYLE イオンモールKYOTO店,4.1,(13),自転車屋,·,,·,1 Nishikujo Toriiguchicho,Abierto,⋅ Cierra a las 9 p.m.,·,075-681-3788,https://lh3.googleusercontent.com/p/AF1QipM61RPzWe1aoS_Oijvi0LD5l9yY6h74y9U0KzAQ=w122-h92-k-no,Compras en tienda,·,Retiro en tienda,34.9829409,135.7555196
https://www.google.com/maps/place/Cycle+Base+Asahi/data=!4m7!3m6!1s0x6000f0d57d78ce53:0xb438320a483e5362!8m2!3d35.0096605!4d135.7430235!16s%2Fg%2F1hhp623_b!19sChIJU854fdXwAGARYlM-SAoyOLQ?authuser=0&hl=es-419&rclk=1,Cycle Base Asahi,3.1,(77),自転車屋,·,,·,13 Nishinokyo Nanseicho,Abierto,⋅ Cierra a las 7 p.m.,·,075-803-0577,https://lh3.googleusercontent.com/gps-cs-s/AG0ilSyY9CJJubCY-d10PJGaO0GS-D0-Y5op5-AFQpQI_N5E-BBVUPNWXN0ABbYrYlwIaUBLN1dLz7keM0Ggwr02onRVjqqru4foUFN1tZ5xMxMLnxB2PZ178JFHziDhccTkO18qMOXN_w=w122-h92-k-no,Retiro en tienda,,,35.0096605,135.7430235
https://www.google.com/maps/place/%E6%9D%B1%E3%82%B5%E3%82%A4%E3%82%AF%E3%83%AB%E3%82%B7%E3%83%A7%E3%83%83%E3%83%97/data=!4m7!3m6!1s0x60010788b08cf263:0x5fa4f3a610c4c66d!8m2!3d34.9910066!4d135.7188395!16s%2Fg%2F11kpk7szkg!19sChIJY_KMsIgHAWARbcbEEKbzpF8?authuser=0&hl=es-419&rclk=1,東サイクルショップ,4.3,(6),自転車屋,·,,3-5 Nishikyogoku Nishikawacho,,,,,,https://streetviewpixels-pa.googleapis.com/v1/thumbnail?panoid=Yrg3uX0BeNkkYiGu7v8YwQ&cb_client=search.gws-prod.gps&w=80&h=92&yaw=273.10312&pitch=0&thumbfov=100,,,,34.9910066,135.7188395
https://www.google.com/maps/place/Custom+Pro+Shop+R%27s+Cycle/data=!4m7!3m6!1s0x600107c53c322677:0x919b945231204adb!8m2!3d35.0182127!4d135.7415736!16s%2Fg%2F11cn9t9k_t!19sChIJdyYyPMUHAWAR20ogMVKUm5E?authuser=0&hl=es-419&rclk=1,Custom Pro Shop R's Cycle,4.5,(47),自転車屋,·,,"Jurakumawari Higashimachi, 3-17 ドーリアＮＥＸＴ丸太町 1Ｆ",·,Abierto,⋅ Cierra a las 7 p.m.,,075-823-7135,https://lh3.googleusercontent.com/gps-cs-s/AG0ilSwGcClPFURDPY3gR-6yvD5hrgziUT_08QvsgEPGdKXbwHVa1UuRsjwHcos6xtGMLguaYnGWZR5hd3U_sBC4z3z1LWUNoY8Br5uXfCnfczhYXIIcLRRwSbej5mDGMFTiImbmSbPK=w122-h92-k-no,,,,35.0182127,135.7415736
https://www.google.com/maps/place/Arai%26SHOEI+NANKAI+KYOTO+TSUBOI/data=!4m7!3m6!1s0x60010649f6b3c141:0x531e3d06049f000c!8m2!3d34.9988888!4d135.7323165!16s%2Fg%2F1tr17ggl!19sChIJQcGz9kkGAWARDACfBAY9HlM?authuser=0&hl=es-419&rclk=1,Arai&SHOEI NANKAI KYOTO TSUBOI,4.4,(499),バイク ショップ,·,,16-2 Saiintakadacho,·,Cerrado,⋅ Abre a las 10 a.m. del mié,,075-311-5789,https://lh3.googleusercontent.com/gps-cs-s/AG0ilSyrwfq0jqnLdA7RwkMTNAU1iJAxmcquUBW1VQVxLE-VQM36XT8XO3RntxIpipRAzpBCexekeXjfhKgMYMPp8EB_5VDvc3-0BdtrGPZl31xKYkH_O_eTjtXCQ6X5NpGNB6SX7YfE_g=w122-h92-k-no,Compras en tienda,,,34.9988888,135.7323165
https://www.google.com/maps/place/Fujinoi+Motorcycle+Store/data=!4m7!3m6!1s0x6001063f325cd937:0x2b760be1bcd98526!8m2!3d34.9912683!4d135.7348617!16s%2Fg%2F1tg5b_q6!19sChIJN9lcMj8GAWARJoXZvOELdis?authuser=0&hl=es-419&rclk=1,Fujinoi Motorcycle Store,3.0,(2),バイク販売業者,·,,88 Nishishichijo Ichibecho,·,Abierto,⋅ Cierra a las 7 p.m.,,075-312-8529,https://streetviewpixels-pa.googleapis.com/v1/thumbnail?panoid=6PK6g9nslPAu2747-ydGsQ&cb_client=search.gws-prod.gps&w=80&h=92&yaw=108.096794&pitch=0&thumbfov=100,,,,34.9912683,135.7348617
https://www.google.com/maps/place/Sports+Cycle+Yamane/data=!4m7!3m6!1s0x6001087f6a2c4553:0x97765c8416574892!8m2!3d35.016291!4d135.753011!16s%2Fg%2F1v76zkc7!19sChIJU0Usan8IAWARkkhXFoRcdpc?authuser=0&hl=es-419&rclk=1,Sports Cycle Yamane,5.0,(19),自転車屋,·,,·,503 Takeyacho,Abierto,⋅ Cierra a las 7:30 p.m.,·,075-231-3347,https://lh3.googleusercontent.com/gps-cs-s/AG0ilSyM7RRgxOh5iujN7ZOano27uTaFAsDUDcrnrskt4LNiPwKFT4fTiKsqziob7qBvyt6dnvZheUfOenNsgU85IdV_BatfzcKu6afzSC5DK5CZIwPeozkci3vfIfGJNhFNi_Wg3CTa=w122-h92-k-no,,,,35.016291,135.753011
https://www.google.com/maps/place/%E8%BE%BB%E6%A3%AE%E8%87%AA%E8%BB%A2%E8%BB%8A%E5%95%86%E4%BC%9A/data=!4m7!3m6!1s0x6001089aaf6cf53d:0xfd44bbdef0ea9a17!8m2!3d35.0074606!4d135.7611479!16s%2Fg%2F1tdz99yd!19sChIJPfVsr5oIAWARF5rq8N67RP0?authuser=0&hl=es-419&rclk=1,辻森自転車商会,4.6,(53),自転車屋,·,,·,226-1 Sanmonjicho,Abierto,⋅ Cierra a las 6 p.m.,·,075-221-5732,https://lh3.googleusercontent.com/gps-proxy/ALd4DhFrevIpU2tbcWeQqMn88_quFCoyWl6084MBGJ1qDTUOAKNdiJ1uOR-iF1NmoArTRQXtvKK05bU5smHeSHz02fTsgJxpuFPDqQBMiGt8XUjn_rYcG6vJdc8PsUQP7wLyLU8CgeTUWbYpbRjp7DKgYoD-yLIF_2uGNcks_TJ8tYgP7YfThgr9pnp7PDzUST9OUZQemQ=w163-h92-k-no,Compras en tienda,,,35.0074606,135.7611479
https://www.google.com/maps/place/%E2%80%8B%E4%BA%AC%E9%83%BD%E8%87%AA%E8%BB%A2%E8%BB%8A%E5%87%A6%E9%8A%80%E8%BC%AA/data=!4m7!3m6!1s0x600109a54747fa4b:0xd81d718041b4b8af!8m2!3d34.9820198!4d135.7590432!16s%2Fg%2F11jpy2bl70!19sChIJS_pHR6UJAWARr7i0QYBxHdg?authuser=0&hl=es-419&rclk=1,​京都自転車処銀輪,5.0,(2),自転車修理・整備店,·,,"Higashikujo Kamitonodacho, 6 ６番地",·,Abierto,⋅ Cierra a las 6 p.m.,,075-354-3636,https://lh3.googleusercontent.com/p/AF1QipOI6FAFN55nZnk2YAhc9AX5k2kj79Z0CeV90UAJ=w138-h92-k-no,,,,34.9820198,135.7590432
https://www.google.com/maps/place/Nishimura+Ringyo/data=!4m7!3m6!1s0x6001062777add2bb:0x385abcf80297c7c8!8m2!3d35.0011846!4d135.7513906!16s%2Fg%2F1tgpb54p!19sChIJu9KtdycGAWARyMeXAvi8Wjg?authuser=0&hl=es-419&rclk=1,Nishimura Ringyo,4.4,(9),自転車屋,·,,仏光寺通西堀川西入晒屋町645,·,Cerrado,⋅ Abre a la 1 p.m.,,075-821-3536,https://lh3.googleusercontent.com/gps-cs-s/AG0ilSyzPgRIeTuwsyTmD3zGYEgBC-8JFiJRpNYZlz96FTRvHCKC6HX4ZVYXTqRx0tE2uySzcDhex6JDPPmeuMFU_I_lPw-M07ZQpNQKnk9ou6NaIu9uGjm-5lG8uqKojonAx7lT0pHw=w80-h142-k-no,,,,35.0011846,135.7513906
https://www.google.com/maps/place/KON%27S+CYCLE+%E5%B8%B8%E7%9B%A4%E5%BA%97%28%E3%82%B3%E3%83%B3%E3%82%BA%E3%82%B5%E3%82%A4%E3%82%AF%E3%83%AB%29/data=!4m7!3m6!1s0x60010777aa117ee5:0x43619b27d50e09da!8m2!3d35.0189273!4d135.7118669!16s%2Fg%2F11b7s_wbql!19sChIJ5X4RqncHAWAR2gkO1SebYUM?authuser=0&hl=es-419&rclk=1,KON'S CYCLE 常盤店(コンズサイクル),3.5,(30),自転車屋,·,,"Tokiwaichinoicho, ４",·,Abierto,⋅ Cierra a las 7 p.m.,,075-882-8800,https://lh3.googleusercontent.com/p/AF1QipOOQUbQIBdLCnwlddr1Vw4WJp95fXyIiW09K5dz=w92-h92-k-no,Compras en tienda,,,35.0189273,135.7118669
https://www.google.com/maps/place/Kyoto+Gojo+Cycle/data=!4m7!3m6!1s0x600108b9683eb73d:0x798ec2207e8f4dad!8m2!3d34.9961023!4d135.7669509!16s%2Fg%2F12hq0lqsw!19sChIJPbc-aLkIAWARrU2PfiDCjnk?authuser=0&hl=es-419&rclk=1,Kyoto Gojo Cycle,4.2,(102),自転車屋,·,,·,五条東入る北側 西橋詰町795-4,Abierto,⋅ Cierra a las 6 p.m.,·,075-746-4855,https://lh3.googleusercontent.com/p/AF1QipOlJ_teLj7rIOLNmJjH_JL4AQ2HtHwmUm3DWeYr=w163-h92-k-no,Compras en tienda,,,34.9961023,135.7669509
https://www.google.com/maps/place/Shimizu+Bicycle+-+Kinugasa/data=!4m7!3m6!1s0x6001079aad38c917:0xc21963351c9fe74!8m2!3d35.0260224!4d135.723164!16s%2Fg%2F11gh2q347m!19sChIJF8k4rZoHAWARdP7JUTOWIQw?authuser=0&hl=es-419&rclk=1,Shimizu Bicycle - Kinugasa,4.9,(11),自転車屋,·,,·,"１９, 75-75 Tojiin Minamimachi",Abierto,⋅ Cierra a las 7 p.m.,·,075-467-0112,https://lh3.googleusercontent.com/gps-cs-s/AG0ilSyOcpmo35EwCg97Ht_MlfZ32vO01K8CXBUfHLWIVlg5Mk7VpY96rrLg8lCpylOSAO93WFxKZ1zAlBZT0fRnv-VF0KgRNeiQy4hylrSNwvuoNTZKWLEVa0RQ1LAFaSnE4mpOHxIEwQ=w122-h92-k-no,,,,35.0260224,135.723164
https://www.google.com/maps/place/Cycle+Shop+Eirin+Gojo+Higashinotoin/data=!4m7!3m6!1s0x60010957cbd681d1:0xecbb7718963f388d!8m2!3d34.9964264!4d135.7612517!16s%2Fg%2F11qp2mj6mf!19sChIJ0YHWy1cJAWARjTg_lhh3u-w?authuser=0&hl=es-419&rclk=1,Cycle Shop Eirin Gojo Higashinotoin,4.8,(48),自転車屋,·,,"五条通東洞院東入Manjujicho, 121番地",·,Abierto,⋅ Cierra a las 7 p.m.,,075-744-6769,https://lh3.googleusercontent.com/gps-cs-s/AG0ilSzF2xHZvaTdQE67aqVJF_oyA5QdT_q9sdJte5rM_HKGLHVhU5U2Uk00fBCwNZtFriDLGIhEVPKmFmbO59iU24OB98Qt16tpQtk-naw84NDgewjYmkupsR5EDJqTxWb-ksuQMgWm=w80-h106-k-no,Compras en tienda,·,Retiro en tienda,34.9964264,135.7612517
https://www.google.com/maps/place/Shimizujitensha+Tokiwaten/data=!4m7!3m6!1s0x6001077ae246e96b:0xc5285e4217fa10a2!8m2!3d35.0205143!4d135.7063283!16s%2Fg%2F1x6q1nm5!19sChIJa-lG4noHAWARohD6F0JeKMU?authuser=0&hl=es-419&rclk=1,Shimizujitensha Tokiwaten,4.3,(19),自転車屋,·,,·,"Tokiwakubomachi, 15-20 清水自動車",Abierto,⋅ Cierra a las 7 p.m.,·,075-872-8646,https://lh3.googleusercontent.com/gps-cs-s/AG0ilSxGCx1tssAtlx7udHOxP_tUn7oa_RQiJwPN6D2kljTaNPnnLRGDi_zwlKQ16V2fOBEec-P898Wl13auWwsrOb23kpLPuXf_RAtr4EXSSpc2SPZxEvGJJIK09DOQhojPk_eD5qbR=w122-h92-k-no,Compras en tienda,,,35.0205143,135.7063283
https://www.google.com/maps/place/Cons+Cycle+Katsuragawakaido/data=!4m7!3m6!1s0x600107ddb1a92ebf:0x82610812a8de0f27!8m2!3d34.9802025!4d135.7096196!16s%2Fg%2F11rgsxjxq8!19sChIJvy6psd0HAWARJw_eqBIIYYI?authuser=0&hl=es-419&rclk=1,Cons Cycle Katsuragawakaido,4.0,(24),自転車屋,·,,105 Katsuraasahicho,·,Abierto,⋅ Cierra a las 7 p.m.,,075-393-3003,https://lh3.googleusercontent.com/p/AF1QipOUNciTGRHF1sSTTG-w7cCG8DiAt0V8n1oJ-e0H=w92-h92-k-no,Compras en tienda,·,Retiros en la puerta,34.9802025,135.7096196
https://www.google.com/maps/place/Cycle+Garden/data=!4m7!3m6!1s0x600108b8749db385:0xebf71a7ad4326c92!8m2!3d34.9955484!4d135.7706107!16s%2Fg%2F1wv_s396!19sChIJhbOddLgIAWARkmwy1Hoa9-s?authuser=0&hl=es-419&rclk=1,Cycle Garden,4.3,(44),自転車屋,·,,2 Chome-9 Gojobashihigashi,·,Abierto,⋅ Cierra a las 7 p.m.,,075-741-6835,https://lh3.googleusercontent.com/gps-cs-s/AG0ilSwdKNe6FVsPwByb8AeXzy6n4fDhnWo6iQpTz0FkwW9wXscOh0CayHh3IGjieNKKonpvWw5GQ6UlNHkiPX3rTWXuFub0Y_d-HYVQOLEbPXgJxOR_2W8lX6ioa1ZR83Z7oyU1T1-N=w163-h92-k-no,,,,34.9955484,135.7706107
https://www.google.com/maps/place/Kon%E2%80%99s+Cycle/data=!4m7!3m6!1s0x6001089147a5e8f1:0xcb93ea7783d9907d!8m2!3d35.0060606!4d135.765234!16s%2Fg%2F11b75jtl1m!19sChIJ8eilR5EIAWARfZDZg3fqk8s?authuser=0&hl=es-419&rclk=1,Kon’s Cycle,4.2,(79),自転車屋,·,,141 Aburayacho,·,Abierto,⋅ Cierra a las 8 p.m.,,075-231-3011,https://lh3.googleusercontent.com/gps-cs-s/AG0ilSxriFNj7B3EJAdFKlmSFIJDeSQ2o_PkUz1swtgdRdx7ZD4wz_aZJUxICH-BSRPYI62PT0iG6D0bZREhC4O6ChFJqhh8QGp-ZBaY89OAVQsEvWdelYS-wNrI9TYaqVtjHAD1QeYlJw=w122-h92-k-no,Servicios en el lugar,,,35.0060606,135.765234
https://www.google.com/maps/place/Nishimura+Sh%C5%8Dkai+Company/data=!4m7!3m6!1s0x6001060fd69aad81:0xfd81432cc793df4a!8m2!3d34.9805686!4d135.7405685!16s%2Fg%2F1tcvp4yt!19sChIJga2a1g8GAWARSt-TxyxDgf0?authuser=0&hl=es-419&rclk=1,Nishimura Shōkai Company,4.7,(7),自転車屋,·,,·,Karahashi Hanazonocho,Abierto,⋅ Cierra a las 6 p.m.,·,075-691-8247,https://streetviewpixels-pa.googleapis.com/v1/thumbnail?panoid=JD30HHvoAtvwcS0MIEIqyA&cb_client=search.gws-prod.gps&w=80&h=92&yaw=146.2853&pitch=0&thumbfov=100,,,,34.9805686,135.7405685
https://www.google.com/maps/place/1-jyo+Ultimate+Factory+Kyoto+West/data=!4m7!3m6!1s0x6001071cf5815163:0xdabc536a1ac4a95a!8m2!3d34.9930778!4d135.7024078!16s%2Fg%2F11cs1f15k4!19sChIJY1GB9RwHAWARWqnEGmpTvNo?authuser=0&hl=es-419&rclk=1,1-jyo Ultimate Factory Kyoto West,4.5,(50),自転車屋,·,,·,205 Kamikatsura Kitamuracho,Cerrado,⋅ Abre a las 11 a.m. del mié,·,075-748-9005,https://lh3.googleusercontent.com/p/AF1QipM_PbMGy-ZS47bjVJUr7g_7olzxsNM0c6TM0D8O=w122-h92-k-no,Compras en tienda,·,Retiro en tienda,34.9930778,135.7024078
https://www.google.com/maps/place/Aeon+Bike+Rakunan/data=!4m7!3m6!1s0x6001060c51f84119:0x4c44815101a8de2!8m2!3d34.976201!4d135.7360721!16s%2Fg%2F11gsn3kwv2!19sChIJGUH4UQwGAWAR4o0aEBVIxAQ?authuser=0&hl=es-419&rclk=1,Aeon Bike Rakunan,2.8,(32),自転車屋,·,,·,31 Kisshoin Oikecho,Abierto,⋅ Cierra a las 9 p.m.,·,075-692-4560,https://lh3.googleusercontent.com/gps-cs-s/AG0ilSxLnyJmvbgzGRp0-qbVWe7_nQb9nxnr8O1mQkcAhyh-U0p3m1Wkn16tUcDxjjPjnDDkIh33BMyHABw6NzgM3EkAM70vZglb_usnDYV-qmvTBoQggC5KmNxTgN9jPWL6NsfIM4RwUfLVRfnu=w80-h106-k-no,Retiro en tienda,,,34.976201,135.7360721
https://www.google.com/maps/place/Cycle+Katsuyama/data=!4m7!3m6!1s0x6001087c1d9ef087:0xee17a0af92022dde!8m2!3d35.018606!4d135.7569031!16s%2Fg%2F11cffbyv2!19sChIJh_CeHXwIAWAR3i0Ckq-gF-4?authuser=0&hl=es-419&rclk=1,Cycle Katsuyama,4.8,(19),自転車屋,·,,·,"椹木町通新町東入Imakusuriyacho, 298",Abierto,⋅ Cierra a las 7 p.m.,·,075-231-0217,https://lh3.googleusercontent.com/gps-cs-s/AG0ilSx0QpCyKM3GBTMvt__SPjskjle1qxw02Y2Knb3uATBB3VUtFqCvjvpdHt80kLkeY_z69DB8XUonWoAhtNHo3ThPH5Fc0GCNj3nQUlHbGkLuzylpHQyGoFD7DiSLmPfBr-zvUtk=w163-h92-k-no,Compras en tienda,·,Retiros en la puerta,35.018606,135.7569031
https://www.google.com/maps/place/Kon%27s+Cycle+Oike/data=!4m7!3m6!1s0x6001088fb0e4817d:0xd859b5c3a5743d7a!8m2!3d35.0104722!4d135.7634881!16s%2Fg%2F11cnbqltjz!19sChIJfYHksI8IAWARej10pcO1Wdg?authuser=0&hl=es-419&rclk=1,Kon's Cycle Oike,4.3,(33),自転車屋,·,,670 Marukizaimokucho,·,Abierto,⋅ Cierra a las 7 p.m.,,075-231-5162,https://lh3.googleusercontent.com/gps-cs-s/AG0ilSygu3dLX3XAxopT8PKTvJROUEfSP1mkFdeDyzgw_fgR520OJt6D2LPKP8exmEJ4Xcq8L0AMwjnhZiKrlpweBVRHbnEk3Lpg-_cVmfc2qUOwFqsu9cIFC9NzMXEHJUeRXn5zlz-B=w122-h92-k-no,,,,35.0104722,135.7634881
https://www.google.com/maps/place/%E8%87%AA%E8%BB%A2%E8%BB%8A%E5%87%BA%E5%BC%B5%E4%BF%AE%E7%90%86%E5%B0%82%E9%96%80%E5%BA%97HITECH+CYCLES+%E3%83%8F%E3%82%A4%E3%83%86%E3%83%83%E3%82%AF%E3%82%B5%E3%82%A4%E3%82%AF%E3%83%AB%E3%82%BA%E3%80%90%E8%A6%81%E4%BA%88%E7%B4%84%E3%80%91/data=!4m7!3m6!1s0x4fbfb259c23cb9e9:0xdc6bd72e9129c704!8m2!3d34.9802282!4d135.776414!16s%2Fg%2F11txpfnpgc!19sChIJ6bk8wlmyv08RBMcpkS7Xa9w?authuser=0&hl=es-419&rclk=1,自転車出張修理専門店HITECH CYCLES ハイテックサイクルズ【要予約】,5.0,(28),自転車修理・整備店,·,,17-7 Sennyuji Torincho,·,Cerrado,⋅ Abre a las 10 a.m. del mié,,070-5260-3208,https://lh3.googleusercontent.com/p/AF1QipM6cGLOtm0UBS0nnnqpTgmo0w-tfvnNjDO6z_8p=w93-h92-k-no,,,,34.9802282,135.776414
https://www.google.com/maps/place/Shibata+Motorcycle/data=!4m7!3m6!1s0x600106011a98840d:0xcae5760e72a2d9e5!8m2!3d34.9784732!4d135.7491!16s%2Fg%2F1vv2s43w!19sChIJDYSYGgEGAWAR5dmicg525co?authuser=0&hl=es-419&rclk=1,Shibata Motorcycle,4.5,(44),自転車修理・整備店,·,,·,114-2 Nishikujo Hieijocho,Abierto,⋅ Cierra a las 7 p.m.,·,075-691-7000,https://lh3.googleusercontent.com/gps-cs-s/AG0ilSwv_OQ9j--7QdoP-iPzzMsJ0xzaKbXQ-dgzNnO8P3_JzwePVq-SNx65EEgbMVczs7nrZ8qfrbHDpL4W2sIvhqhd5YToF5CPhYEITiHwdQH5JmEx3o5ZWYHFaMyJ4vfndx4-yKBk=w80-h106-k-no,,,,34.9784732,135.7491
https://www.google.com/maps/place/J-Cycle/data=!4m7!3m6!1s0x600108981a0a4acf:0x838ff450162e26a3!8m2!3d34.998782!4d135.7580353!16s%2Fg%2F1v41_c39!19sChIJz0oKGpgIAWARoyYuFlD0j4M?authuser=0&hl=es-419&rclk=1,J-Cycle,4.8,(260),自転車レンタル サービス,·,,192 Nakanonocho,·,Abierto,⋅ Cierra a las 6 p.m.,,075-341-3196,https://lh3.googleusercontent.com/gps-cs-s/AG0ilSynlZrn4gk0PY_w4fHdjU-viePaMftg4bTUKPpF45apFAlwC9S6tEpTHw9x9D-X33WaAOJl573AchqQXI5BhxYlzCb2ayy9DWFYasicu6Z-cnH1s0gXgTa66TBNVewQXd4siJkp=w122-h92-k-no,Servicios en el lugar,,,34.998782,135.7580353
https://www.google.com/maps/place/bol.motor%26cycle/data=!4m7!3m6!1s0x600107bc42d05773:0xf86983a8dd78e55f!8m2!3d35.0074367!4d135.7582525!16s%2Fg%2F1tgxtflz!19sChIJc1fQQrwHAWARX-V43aiDafg?authuser=0&hl=es-419&rclk=1,bol.motor&cycle,3.8,(28),自転車屋,·,,138 Honeyacho,·,Abierto,⋅ Cierra a las 6 p.m.,,075-202-7604,https://lh3.googleusercontent.com/gps-cs-s/AG0ilSxurlXO_E-molAMk7dHlUWW1fQv5uaXVmLH1OyC7SGm5gMU1_3VXZezxdQcphkVRo67SVhipuESlnlOXk_r214oroMHFHl8mhWclzP2Zybf1Wo5vF00vXCdP2_f3nwjeZN1vcp-=w163-h92-k-no,,,,35.0074367,135.7582525
https://www.google.com/maps/place/tabi+to+COG+KYOTO/data=!4m7!3m6!1s0x6001099cf6ec8797:0xdb1dae32d853eba4!8m2!3d35.0074366!4d135.7611822!16s%2Fg%2F11jm_glbkk!19sChIJl4fs9pwJAWARpOtT2DKuHds?authuser=0&hl=es-419&rclk=1,tabi to COG KYOTO,4.3,(3),自転車屋,·,,226-1 Sanmonjicho,,Abierto,⋅ Cierra a las 6 p.m.,,,https://lh3.googleusercontent.com/p/AF1QipM3TRAFLHxZGXyVHqIaEUcnA9Cp6uGM_ObbIqzg=w137-h92-k-no,,,,35.0074366,135.7611822
https://www.google.com/maps/place/Saikurudorimufushimiten/data=!4m7!3m6!1s0x60010f65292eaaab:0x6bc96398a2655984!8m2!3d34.9542099!4d135.7594897!16s%2Fg%2F11byydjgk8!19sChIJq6ouKWUPAWARhFllophjyWs?authuser=0&hl=es-419&rclk=1,Saikurudorimufushimiten,3.3,(58),自転車屋,·,,·,2-1 Takeda Nanasegawacho,Abierto,⋅ Cierra a las 7 p.m.,·,075-279-3196,https://lh3.googleusercontent.com/gps-cs-s/AG0ilSw-aIlzKyFareWj8VkXwtWgLM-NZQubVB8Lc5NNRBuGQE2_EUAiVGbFIoi-3domNC-G5EcTnM8GG1xOMTuNxZQcsvzJSckG5bBQfK8R6UUWxWgVuBXb2ONDLN2T5rWyflHsXAp4=w122-h92-k-no,Compras en tienda,·,Retiro en tienda,34.9542099,135.7594897
https://www.google.com/maps/place/la+bicyclette+Shimizu+%E6%B8%85%E6%B0%B4%E8%87%AA%E8%BB%A2%E8%BB%8A+%E8%8A%B1%E5%9C%92%E5%BA%97/data=!4m7!3m6!1s0x6001079969926fd5:0x9706f6f4f4c1a796!8m2!3d35.0196114!4d135.7199028!16s%2Fg%2F1tqt9ktl!19sChIJ1W-SaZkHAWARlqfB9PT2Bpc?authuser=0&hl=es-419&rclk=1,la bicyclette Shimizu 清水自転車 花園店,3.6,(14),自転車屋,·,,"Uzumasa Yasui Koyamacho, １６−16",·,Abierto,⋅ Cierra a las 7 p.m.,,075-464-6661,https://lh3.googleusercontent.com/gps-cs-s/AG0ilSyBJbAs807-vs8fH6bN8ik1Tr3skeKtJGhD86f6hSZ_d8WdVws1zYrOSf54Or0NFY07orzMLszN6WeCIHm1VmB-0euVobppg4CQSaXvQV2DbCg5I0mxMcKLvJlJQOK59eOpQNWR=w122-h92-k-no,,,,35.0196114,135.7199028
https://www.google.com/maps/place/%E4%B9%85%E4%BF%9D%E6%9D%91%E3%83%A2%E3%83%BC%E3%82%BF%E3%83%BC%E6%96%B0%E8%BB%8A%E9%A4%A8/data=!4m7!3m6!1s0x6001065252dc3231:0xfa250e4371a2ee82!8m2!3d34.9953689!4d135.7213193!16s%2Fg%2F1whdj7p0!19sChIJMTLcUlIGAWARgu6icUMOJfo?authuser=0&hl=es-419&rclk=1,久保村モーター新車館,3.2,(52),バイク販売業者,·,,·,"Nishikyogoku Higashiomarucho, 28 久保村モータ",Abierto,⋅ Cierra a las 7 p.m.,·,075-313-4555,https://lh3.googleusercontent.com/p/AF1QipPSaYteSrkCQK4uiYD_WaZ4wOcg3Kn8K1-uRYD3=w80-h106-k-no,,,,34.9953689,135.7213193
https://www.google.com/maps/place/%EF%BC%AD%EF%BD%8F%EF%BD%8B%EF%BD%95%EF%BC%92%2B%EF%BC%94/data=!4m7!3m6!1s0x600107aab985e411:0xbe643ff46f51d4d6!8m2!3d34.9964002!4d135.7151247!16s%2Fg%2F11b6dr_gnw!19sChIJEeSFuaoHAWAR1tRRb_Q_ZL4?authuser=0&hl=es-419&rclk=1,Ｍｏｋｕ２+４,3.5,(4),自転車屋,·,,70 Nishikyogoku Minamioiricho,,,,,,https://lh3.googleusercontent.com/gps-cs-s/AG0ilSwINmP36FpxasITxd98Yzr46NAUDX9Aj6_kzcjVpfwTNTNyT9T1fo7oJznEQ9OP7ZMAXvBkO6l0AI6z9zFYuQfD-j5V0pRkZ49NZnFMkSme-hnGeUVqFE-ebH7FccVGPTKECTzcWw=w122-h92-k-no,,,,34.9964002,135.7151247
https://www.google.com/maps/place/%E5%A1%A9%E7%94%B0%E8%87%AA%E8%BB%A2%E8%BB%8A%E5%BA%97/data=!4m7!3m6!1s0x600107ceadb8d64d:0xb8cbb202822f4d65!8m2!3d35.011243!4d135.7381231!16s%2Fg%2F1tfc1xwk!19sChIJTda4rc4HAWARZU0vggKyy7g?authuser=0&hl=es-419&rclk=1,塩田自転車店,,,自転車屋,·,,23-23 Nishinokyo Nagamotocho,·,Abierto,⋅ Cierra a las 6:30 p.m.,,075-811-1042,https://lh3.googleusercontent.com/gps-cs-s/AG0ilSyYa2rdBVkX8qJlFAcYVlZPrrKXetxJZl1ktU4ZZ3Nkxeca1x4boDSUw6BOvBfke1ad4klkkLBj_gWNK1uX0g1DWZlOceEXrhHJ_JHWs0ASnOUTr36SZPO2GsBYDli70FqmCFtang=w92-h92-k-no,,,,35.011243,135.7381231
https://www.google.com/maps/place/Bikeshop+Most/data=!4m7!3m6!1s0x6001065bbfe01529:0xc818d62da92898c5!8m2!3d34.9857189!4d135.7201885!16s%2Fg%2F113gh4w4n!19sChIJKRXgv1sGAWARxZgoqS3WGMg?authuser=0&hl=es-419&rclk=1,Bikeshop Most,4.3,(32),バイク販売業者,·,,9-1 Nishikyogoku Hatadacho,·,Abierto,⋅ Cierra a las 6:30 p.m.,,075-323-1117,https://lh3.googleusercontent.com/p/AF1QipMHM3d-z_SNEy2Y8vb_k6ps409BfoV0vmSeeANq=w163-h92-k-no,Compras en tienda,·,Retiros en la puerta,34.9857189,135.7201885
https://www.google.com/maps/place/Cycle+Shop+Tapio/data=!4m7!3m6!1s0x6001099cb9c360c9:0xf82111fb4942a282!8m2!3d35.0238384!4d135.7521755!16s%2Fg%2F11spjqgwqp!19sChIJyWDDuZwJAWARgqJCSfsRIfg?authuser=0&hl=es-419&rclk=1,Cycle Shop Tapio,5.0,(24),自転車屋,·,,"Itchome, 17−1 堀川セントラルハイツ",·,Abierto,⋅ Cierra a las 6 p.m.,,075-406-7636,https://lh3.googleusercontent.com/p/AF1QipMuivPR3YpVGF5IrHjjSQgnasG4KpCIUyuWz0CM=w146-h92-k-no,Compras en tienda,·,Retiros en la puerta,35.0238384,135.7521755
https://www.google.com/maps/place/Cycle+Nishimura/data=!4m7!3m6!1s0x6001061178bb0d87:0x612af3a79046d224!8m2!3d34.9819188!4d135.7382317!16s%2Fg%2F11fm3p13zp!19sChIJhw27eBEGAWARJNJGkKfzKmE?authuser=0&hl=es-419&rclk=1,Cycle Nishimura,1.0,(2),自転車屋,·,,·,Karahashi Kadowakicho,Abierto,⋅ Cierra a las 6 p.m.,,,https://streetviewpixels-pa.googleapis.com/v1/thumbnail?panoid=XrI9bJIlej4ZPM8xRJsQNQ&cb_client=search.gws-prod.gps&w=80&h=92&yaw=130.50668&pitch=0&thumbfov=100,,,,34.9819188,135.7382317
https://www.google.com/maps/place/%E5%B1%B1%E7%94%B0%E3%83%A2%E3%83%BC%E3%82%BF%E3%83%BC%E5%95%86%E4%BC%9A/data=!4m7!3m6!1s0x6001062d304471cb:0xc6030db0187bbfa1!8m2!3d35.0086461!4d135.7442789!16s%2Fg%2F1v3grt4t!19sChIJy3FEMC0GAWARob97GLANA8Y?authuser=0&hl=es-419&rclk=1,山田モーター商会,4.8,(6),自転車屋,·,,1 1-3 Nishinokyo Nanseicho,·,Abierto,⋅ Cierra a las 7:30 p.m.,,075-841-3113,https://lh3.googleusercontent.com/gps-proxy/ALd4DhFUR9DznFi0SHc3E6LCq329BnHIT5zmbveis1eEuvCixQLNNY5hfpXlivD1Tp3Qt3IFJKxRQLiPg6AXHebmv1Y_mMOg2zlebQC_MoFbxJMcmHk_LO3OWl7USm6OH-XVRfgfBPgnobUIQq42TmdhBx4Mj-wtrUEk7OAGrAs3m2Mc2TPb_5MHA-9eOhMOkgDh89HvPeQ=w80-h142-k-no,,,,35.0086461,135.7442789
https://www.google.com/maps/place/Leo+Tanimoto+Honten/data=!4m7!3m6!1s0x600107b4379bb0b7:0xd34e472022dfc6e5!8m2!3d35.0060933!4d135.73026!16s%2Fg%2F1tl7nm9b!19sChIJt7CbN7QHAWAR5cbfIiBHTtM?authuser=0&hl=es-419&rclk=1,Leo Tanimoto Honten,4.0,(198),バイク ショップ,·,,19 Saiinnishiimadacho,·,Abierto,⋅ Cierra a las 7 p.m.,,075-314-0051,https://lh3.googleusercontent.com/p/AF1QipNctykoKN6psLiIXgbAZbEtKzEHAu5MexWkG-Y=w138-h92-k-no,Compras en tienda,,,35.0060933,135.73026
https://www.google.com/maps/place/Orange+Bike/data=!4m7!3m6!1s0x6001078d72d04371:0xa6963e4ab27be23b!8m2!3d35.0308283!4d135.7312806!16s%2Fg%2F11b76_0prx!19sChIJcUPQco0HAWARO-J7sko-lqY?authuser=0&hl=es-419&rclk=1,Orange Bike,4.7,(16),自転車屋,·,,72 Hirano Hatchoyanagicho,·,Abierto,⋅ Cierra a las 7 p.m.,,075-464-8585,https://lh3.googleusercontent.com/gps-cs-s/AG0ilSw1kI6VTziEUcAv54ov7eQUqMTZ_XVaLcOlJYjXLMUhswQ9359BwkZE8QXX7x6E01rIhGib35LLY1fV6dgpbP-DObj8S_fHhDBmBrhFKvgTSgqte-uJV4bc1lX7e8NJsza3lJzVcw=w80-h106-k-no,,,,35.0308283,135.7312806
https://www.google.com/maps/place/TRIPBIKE/data=!4m7!3m6!1s0x60010859218e71d7:0x27bf2ab75554c9d7!8m2!3d35.025127!4d135.7768588!16s%2Fg%2F1ydxc3n7b!19sChIJ13GOIVkIAWAR18lUVbcqvyc?authuser=0&hl=es-419&rclk=1,TRIPBIKE,4.3,(56),自転車屋,·,,·,19-7 Yoshidaushinomiyacho,Abierto,⋅ Cierra a las 7 p.m.,·,075-708-2606,https://lh3.googleusercontent.com/p/AF1QipPZf5TsYy0kvx6JtC7j3-Q1boaEfXA9noLCP_q7=w80-h106-k-no,Compras en tienda,·,Retiros en la puerta,35.025127,135.7768588
https://www.google.com/maps/place/%EF%BC%B5%E3%83%BC%EF%BC%A2%EF%BD%89%EF%BD%8B%EF%BD%85+%EF%BC%AB%EF%BD%99%EF%BD%8F%EF%BD%94%EF%BD%8F+%EF%BC%88%E6%A0%AA%E5%BC%8F%E4%BC%9A%E7%A4%BE%E3%83%A6%E3%83%BC%E3%83%90%E3%82%A4%E3%82%AF%E4%BA%AC%E9%83%BD%EF%BC%89/data=!4m7!3m6!1s0x6001075df8b3aa91:0x905d70bf79fe78e9!8m2!3d35.0183577!4d135.7434697!16s%2Fg%2F11gdvn6klb!19sChIJkaqz-F0HAWAR6Xj-eb9wXZA?authuser=0&hl=es-419&rclk=1,ＵーＢｉｋｅ Ｋｙｏｔｏ （株式会社ユーバイク京都）,4.5,(24),バイク販売業者,·,,"京都市上京区丸太町通千本, ４９１ Nakatsukasacho",·,Abierto,⋅ Cierra a las 7 p.m.,,075-823-7101,https://lh3.googleusercontent.com/p/AF1QipOs-Hqqd6x6SHfOgcwygNW_wjUoOWBnHGHhOzfB=w122-h92-k-no,,,,35.0183577,135.7434697
https://www.google.com/maps/place/Cycle+Shop+Kita/data=!4m7!3m6!1s0x600107e873a6ab9d:0x4922782cc48b5e30!8m2!3d35.02719!4d135.742234!16s%2Fg%2F1tj9t6zt!19sChIJnaumc-gHAWARMF6LxCx4Ikk?authuser=0&hl=es-419&rclk=1,Cycle Shop Kita,3.3,(36),自転車屋,·,,"千本通一条上るTaidokataharacho, 千本通一条上る656 フリーデンハイムキタ",·,Abierto,⋅ Cierra a las 7 p.m.,,075-461-3696,https://lh3.googleusercontent.com/gps-cs-s/AG0ilSwVbBWN6wK2qAsCS42_haB65vyfevnO07G29PXTD_b7o6hpXY6V8BB2ddNEjIB6Y0mjpu53hpq8zHNu5k-K7jT1u4xLRvjT3-pqi5kJjXuE30nF_hggO6KEAy4_x1hWxLiswG4=w138-h92-k-no,,,,35.02719,135.742234
https://www.google.com/maps/place/%E3%82%B5%E3%82%A4%E3%82%AF%E3%83%AB%E3%82%B7%E3%83%A7%E3%83%83%E3%83%97%E3%82%A8%E3%82%A4%E3%83%AA%E3%83%B3%E6%A1%82%E5%B7%A5%E5%A0%B4%E6%9C%AC%E5%BA%97/data=!4m7!3m6!1s0x600106fbc24b8365:0x1b38ed75e535a25!8m2!3d34.9870977!4d135.7087407!16s%2Fg%2F11c43pjbb1!19sChIJZYNLwvsGAWARJVpTXteOswE?authuser=0&hl=es-419&rclk=1,サイクルショップエイリン桂工場本店,3.8,(8),自転車屋,·,,"〒615-8013, 1-1 Katsurakouzucho",·,Abierto,⋅ Cierra a las 5:30 p.m.,,075-381-5205,https://lh3.googleusercontent.com/gps-cs-s/AG0ilSyfFXh5oKFV3RweZeH0-mIR00C9VD1-0jQPOx-k4TwK8pjrMPtgFeyHMFEhgC9___ffPaIZ9csxLsB11WH4R7ZkjTEO1uTxrLAk5oF8FKPSly2EAYGXIlRKsA5Csiblbf_BxJN8=w122-h92-k-no,,,,34.9870977,135.7087407
https://www.google.com/maps/place/Cycle+Shop+Eirin+Marutamachi/data=!4m7!3m6!1s0x6001088b098929c3:0x595081815493caa0!8m2!3d35.0172915!4d135.7687996!16s%2Fg%2F11b7kk4jdz!19sChIJwymJCYsIAWARoMqTVIGBUFk?authuser=0&hl=es-419&rclk=1,Cycle Shop Eirin Marutamachi,3.7,(60),自転車屋,·,,·,338-2 Takashimacho,Abierto,⋅ Cierra a las 8 p.m.,·,075-231-3598,https://lh3.googleusercontent.com/gps-cs-s/AG0ilSxx3Fw-9yhz4BQhYFNrLzRLYlX-_V3PmR1kFR9Er_8kA1G6oPOxuIwTIqRpdUtd9Au-jx5K98dxEe_dwlD5c2ZPQd77HzeqyN9KkgKqOCYK1ROJba6_ToztmwTSRzTWYWFOdy5odQ=w144-h92-k-no,,,,35.0172915,135.7687996
https://www.google.com/maps/place/Cycle+Shop+Gift+Umezu/data=!4m7!3m6!1s0x600107147056571b:0x4b20e82418bb1244!8m2!3d35.0034419!4d135.6996825!16s%2Fg%2F11b76tttbm!19sChIJG1dWcBQHAWARRBK7GCToIEs?authuser=0&hl=es-419&rclk=1,Cycle Shop Gift Umezu,3.9,(23),自転車屋,·,,4-6 Umezu Kitauracho,·,Abierto,⋅ Cierra a las 7 p.m.,,075-366-8444,https://lh3.googleusercontent.com/gps-cs-s/AG0ilSzwY-3r65Ofhn1rmMCm0M-PMpfJGmYnDrUkW-u4V8XByUBOaCUIm873BOEMewxh7igdCBUTZFqq7LkE7UBhGhkbrnTrQdKk9Nahwwzh83vRAvgWIj4OyWRkZO4uc4SEmAQXPHoY=w80-h106-k-no,,,,35.0034419,135.6996825
https://www.google.com/maps/place/FridgeBicycle/data=!4m7!3m6!1s0x6001088dd0e9da29:0x5f99ca1216aa461b!8m2!3d35.01208!4d135.7666809!16s%2Fg%2F11csqjn17_!19sChIJKdrp0I0IAWARG0aqFhLKmV8?authuser=0&hl=es-419&rclk=1,FridgeBicycle,4.6,(54),自転車レンタル サービス,·,,413-2 Kameyacho,·,Abierto,⋅ Cierra a las 7 p.m.,,075-200-3299,https://lh3.googleusercontent.com/gps-cs-s/AG0ilSyz7IR4B7sN-tRfZVxJaM50lXB4eXJkbt_9QlEyloDxpumTFGEYy-Fl1FC0L8kTtDrtzSGcYFL9Xakw5Y0iOBUkVizvEfRf2M0UDKMm5fnURxMgk-GOfX1Bv8LiYW2-SsrocuA=w80-h106-k-no,Servicios en el lugar,,,35.01208,135.7666809
https://www.google.com/maps/place/UP+CYCLES/data=!4m7!3m6!1s0x6001073b86512f67:0x2f18ac43b3ad3c76!8m2!3d35.0321345!4d135.7273329!16s%2Fg%2F11jntv82gc!19sChIJZy9RhjsHAWARdjyts0OsGC8?authuser=0&hl=es-419&rclk=1,UP CYCLES,4.8,(21),自転車屋,·,,"Komatsubara Kitamachi, 56-12 UP CYCLES",·,Abierto,⋅ Cierra a las 7 p.m.,,075-286-3316,https://lh3.googleusercontent.com/p/AF1QipMmyExzK_7TvoHNQ6Hw4ey_Leid5LNJJ9JS93gK=w92-h92-k-no,Compras en tienda,,,35.0321345,135.7273329
https://www.google.com/maps/place/%E3%82%A2%E3%82%B7%E3%82%B9%E3%83%88%EF%BC%86%E3%82%B5%E3%82%A4%E3%82%AF%E3%83%AB%E8%BD%8D+-Assist+%26+Cycle+Wadachi-%EF%BC%88%E4%BA%AC%E9%83%BD%E3%83%BB%E5%8C%97%E5%8C%BA%E3%83%BB%E8%87%AA%E8%BB%A2%E8%BB%8A%E4%BF%AE%E7%90%86%E3%83%BB%E9%9B%BB%E5%8B%95%E3%82%A2%E3%82%B7%E3%82%B9%E3%83%88%E8%87%AA%E8%BB%A2%E8%BB%8A%EF%BC%89/data=!4m7!3m6!1s0x600107b1e65aba1f:0xfd851188915ff67d!8m2!3d35.0451667!4d135.7513797!16s%2Fg%2F11fr409d10!19sChIJH7pa5rEHAWARffZfkYgRhf0?authuser=0&hl=es-419&rclk=1,アシスト＆サイクル轍 -Assist & Cycle Wadachi-（京都・北区・自転車修理・電動アシスト自転車）,4.6,(101),自転車屋,·,,21 Murasakino Kamitoridacho,·,Abierto,⋅ Cierra a las 7 p.m.,,075-493-9292,,Compras en tienda,·,Retiros en la puerta,35.0451667,135.7513797
https://www.google.com/maps/place/%E7%9F%B3%E7%94%B0%E8%87%AA%E8%BB%A2%E8%BB%8A%E5%BA%97/data=!4m7!3m6!1s0x6001077ac5547b61:0x50f7d707a8cfe916!8m2!3d35.0195656!4d135.7053346!16s%2Fg%2F1vxw84vk!19sChIJYXtUxXoHAWARFunPqAfX91A?authuser=0&hl=es-419&rclk=1,石田自転車店,5.0,(5),自転車屋,·,,2-19 Tokiwakubomachi,·,Abierto,⋅ Cierra a las 7 p.m.,,075-861-3017,,,,,35.0195656,135.7053346
https://www.google.com/maps/place/Uchibayashi+Motorcycle/data=!4m7!3m6!1s0x600106edd16803f5:0x39b18f83768cca39!8m2!3d34.9764251!4d135.7027216!16s%2Fg%2F1tjv3dnz!19sChIJ9QNo0e0GAWAROcqMdoOPsTk?authuser=0&hl=es-419&rclk=1,Uchibayashi Motorcycle,4.4,(13),自転車屋,·,,·,21-1 Kawashima Namerahicho,Abierto,⋅ Cierra a las 6 p.m.,·,075-381-3453,,,,,34.9764251,135.7027216
https://www.google.com/maps/place/Takenaka+Umezu/data=!4m7!3m6!1s0x60010712265a33e5:0x26eb90b6754134a8!8m2!3d35.0037278!4d135.703107!16s%2Fg%2F1tgb_nzw!19sChIJ5TNaJhIHAWARqDRBdbaQ6yY?authuser=0&hl=es-419&rclk=1,Takenaka Umezu,1.5,(2),自転車屋,·,,24-2 Umezu Gotocho,·,Abre pronto:,⋅ 12 p.m.,,075-871-6500,,,,,35.0037278,135.703107
https://www.google.com/maps/place/%E7%A6%8F%E4%BA%95%E8%87%AA%E8%BB%A2%E8%BB%8A%E5%95%86%E4%BC%9A/data=!4m7!3m6!1s0x600107c6ccc6c9c1:0x5859273e3632b114!8m2!3d35.0187306!4d135.7363156!16s%2Fg%2F11g1knm8gr!19sChIJwcnGzMYHAWARFLEyNj4nWVg?authuser=0&hl=es-419&rclk=1,福井自転車商会,3.5,(4),自転車屋,·,,"丸太町通御前通東入Shimonocho, 418",·,Abierto,⋅ Cierra a las 5 p.m.,,075-841-5462,,,,,35.0187306,135.7363156
https://www.google.com/maps/place/Koseki+Cycling+Center/data=!4m7!3m6!1s0x600107ee927683b5:0x346d5d850d35689!8m2!3d35.0304812!4d135.7388668!16s%2Fg%2F1yg578193!19sChIJtYN2ku4HAWARiVbTUNjVRgM?authuser=0&hl=es-419&rclk=1,Koseki Cycling Center,4.9,(50),自転車屋,·,,·,496-17 Bishamoncho,Abierto,⋅ Cierra a las 7 p.m.,·,075-463-3428,,,,,35.0304812,135.7388668
https://www.google.com/maps/place/%E3%82%A2%E3%82%B7%E3%82%B9%E3%83%88%EF%BC%86%E3%82%B5%E3%82%A4%E3%82%AF%E3%83%AB%E8%BD%8D+-Assist+%26+Cycle+Wadachi-%EF%BC%88%E4%BA%AC%E9%83%BD%E3%83%BB%E5%8C%97%E5%8C%BA%E3%83%BB%E8%87%AA%E8%BB%A2%E8%BB%8A%E4%BF%AE%E7%90%86%E3%83%BB%E9%9B%BB%E5%8B%95%E3%82%A2%E3%82%B7%E3%82%B9%E3%83%88%E8%87%AA%E8%BB%A2%E8%BB%8A%EF%BC%89/data=!4m7!3m6!1s0x600107b1e65aba1f:0xfd851188915ff67d!8m2!3d35.0451667!4d135.7513797!16s%2Fg%2F11fr409d10!19sChIJH7pa5rEHAWARffZfkYgRhf0?authuser=0&hl=es-419&rclk=1,アシスト＆サイクル轍 -Assist & Cycle Wadachi-（京都・北区・自転車修理・電動アシスト自転車）,4.6,(101),自転車屋,·,,21 Murasakino Kamitoridacho,·,Abierto,⋅ Cierra a las 7 p.m.,,075-493-9292,https://lh3.googleusercontent.com/p/AF1QipNzbUtCe1ooOv02T8qV2kwBZxJDv15aPdx3t20Q=w122-h92-k-no,Compras en tienda,·,Retiros en la puerta,35.0451667,135.7513797
https://www.google.com/maps/place/%E7%9F%B3%E7%94%B0%E8%87%AA%E8%BB%A2%E8%BB%8A%E5%BA%97/data=!4m7!3m6!1s0x6001077ac5547b61:0x50f7d707a8cfe916!8m2!3d35.0195656!4d135.7053346!16s%2Fg%2F1vxw84vk!19sChIJYXtUxXoHAWARFunPqAfX91A?authuser=0&hl=es-419&rclk=1,石田自転車店,5.0,(5),自転車屋,·,,2-19 Tokiwakubomachi,·,Abierto,⋅ Cierra a las 7 p.m.,,075-861-3017,https://lh3.googleusercontent.com/p/AF1QipN5oaEXI8O1FM3pIE4mK9MZVomg-HVSQnxiEzs=w122-h92-k-no,,,,35.0195656,135.7053346
https://www.google.com/maps/place/Uchibayashi+Motorcycle/data=!4m7!3m6!1s0x600106edd16803f5:0x39b18f83768cca39!8m2!3d34.9764251!4d135.7027216!16s%2Fg%2F1tjv3dnz!19sChIJ9QNo0e0GAWAROcqMdoOPsTk?authuser=0&hl=es-419&rclk=1,Uchibayashi Motorcycle,4.4,(13),自転車屋,·,,·,21-1 Kawashima Namerahicho,Abierto,⋅ Cierra a las 6 p.m.,·,075-381-3453,https://lh3.googleusercontent.com/gps-cs-s/AG0ilSxq0t6_pJD8lo6YP5bhhtSFDMnK4UWd94a4uqtgIHcjlk-GW0rvmp3-0DU4uPlrVNkRBxpMDIwe_gllPeo9KeWL1BDhWplAXthGU7ekXlDOlrUTnAOiXQlFRF2ahDblaZh0ZH1B-OsdSe8=w80-h106-k-no,,,,34.9764251,135.7027216
https://www.google.com/maps/place/Takenaka+Umezu/data=!4m7!3m6!1s0x60010712265a33e5:0x26eb90b6754134a8!8m2!3d35.0037278!4d135.703107!16s%2Fg%2F1tgb_nzw!19sChIJ5TNaJhIHAWARqDRBdbaQ6yY?authuser=0&hl=es-419&rclk=1,Takenaka Umezu,1.5,(2),自転車屋,·,,24-2 Umezu Gotocho,·,Abre pronto:,⋅ 12 p.m.,,075-871-6500,https://streetviewpixels-pa.googleapis.com/v1/thumbnail?panoid=Kl6vf48dOqO2QMYGJMfrVA&cb_client=search.gws-prod.gps&w=80&h=92&yaw=58.196735&pitch=0&thumbfov=100,,,,35.0037278,135.703107
https://www.google.com/maps/place/%E7%A6%8F%E4%BA%95%E8%87%AA%E8%BB%A2%E8%BB%8A%E5%95%86%E4%BC%9A/data=!4m7!3m6!1s0x600107c6ccc6c9c1:0x5859273e3632b114!8m2!3d35.0187306!4d135.7363156!16s%2Fg%2F11g1knm8gr!19sChIJwcnGzMYHAWARFLEyNj4nWVg?authuser=0&hl=es-419&rclk=1,福井自転車商会,3.5,(4),自転車屋,·,,"丸太町通御前通東入Shimonocho, 418",·,Abierto,⋅ Cierra a las 5 p.m.,,075-841-5462,https://lh3.googleusercontent.com/gps-cs-s/AG0ilSym43Rj8jbPZEPgsq9CsobRYq3vMagir-wSal682Ib2OAF6VEH0VtNLdDf99Wt-1zOYqk4zTlsuJRZYzAa9D0Zgr6fNxMxdYvUsFJKJgS6MUZV4e4W1AOROQts90Yuva0_UA2ogwQ=w80-h106-k-no,,,,35.0187306,135.7363156
https://www.google.com/maps/place/Koseki+Cycling+Center/data=!4m7!3m6!1s0x600107ee927683b5:0x346d5d850d35689!8m2!3d35.0304812!4d135.7388668!16s%2Fg%2F1yg578193!19sChIJtYN2ku4HAWARiVbTUNjVRgM?authuser=0&hl=es-419&rclk=1,Koseki Cycling Center,4.9,(50),自転車屋,·,,·,496-17 Bishamoncho,Abierto,⋅ Cierra a las 7 p.m.,·,075-463-3428,https://lh3.googleusercontent.com/gps-cs-s/AG0ilSzZRjISrUKBEM241RVJrgplR1jdq5MOpEV6bgcfgYb2uXhW5iC-yg8XLDtATSw0REtChPRy72EiUxVM39JtqqQi3MBo2ZMrGTkQFJyf-wIcIanc8eICDnw7uwsFLUjAEAvk32hj=w138-h92-k-no,,,,35.0304812,135.7388668
https://www.google.com/maps/place/%EF%BC%88%E6%A0%AA%EF%BC%89%E6%9D%BE%E4%BA%95%E4%BF%9D%E5%95%86%E4%BC%9A/data=!4m7!3m6!1s0x60010885790d6719:0xc6caa9c26bbdcc9b!8m2!3d35.0099541!4d135.7611505!16s%2Fg%2F1tfgp93z!19sChIJGWcNeYUIAWARm8y9a8KpysY?authuser=0&hl=es-419&rclk=1,（株）松井保商会,5.0,(3),自転車修理・整備店,·,,"姉小路通東洞院東入Sasayacho, 446",·,Abierto,⋅ Cierra a las 5:30 p.m.,,075-221-5947,https://lh3.googleusercontent.com/gps-cs-s/AG0ilSw4KuJ_NBPU6dcSam-WsktEXP-l6fp9lOFv0bKUYnltVewjyRy4dhqAo_4j1jJjp96LcT_F3VknAyyh1rzIGu6LVdEj8a7qDljFqcPyclkBc5CdkXe13zNjamtTH4mJ3Lw8AxG2=w122-h92-k-no,,,,35.0099541,135.7611505
https://www.google.com/maps/place/Japan+Tire+Center+Kyoto/data=!4m7!3m6!1s0x600106486bb9b331:0x5c3582cedc9b9c70!8m2!3d34.9952815!4d135.7315975!16s%2Fg%2F1w112275!19sChIJMbO5a0gGAWARcJyb3M6CNVw?authuser=0&hl=es-419&rclk=1,Japan Tire Center Kyoto,4.4,(173),タイヤショップ,·,,7-110 Saiinhigashinakamizucho,·,Cerrado,⋅ Abre a las 10 a.m. del mié,,075-326-0887,https://lh3.googleusercontent.com/gps-cs-s/AG0ilSxBExRqG-VDx837XuOjJDp9ptIBBzdhteQBd9fE4OSq-ek0DHWvsYRKvY9I4i056b5jTeStGtetk2gF8rm4jeS66aDp0pgcnOLyAqmmrOIm5Bh-whgweY5eg8cZEvnRPsnlmcKBnw=w122-h92-k-no,Retiro en tienda,,,34.9952815,135.7315975
https://www.google.com/maps/place/%E4%B8%B8%E6%96%B0%E8%87%AA%E8%BB%A2%E8%BB%8A%E5%95%86%E4%BC%9A%28Kaoru%27s+Factory%29/data=!4m7!3m6!1s0x6001087c2af8aa11:0xe6a4c525bca909fb!8m2!3d35.0172592!4d135.7569693!16s%2Fg%2F11bx1s6ygd!19sChIJEar4KnwIAWAR-wmpvCXFpOY?authuser=0&hl=es-419&rclk=1,丸新自転車商会(Kaoru's Factory),2.7,(12),自転車屋,·,,·,"丸太町通新町東入Tamauecho, 224-6",Abierto,⋅ Cierra a las 6 p.m.,·,075-231-6756,https://lh3.googleusercontent.com/gps-cs-s/AG0ilSydixjGvLfLazRegUwrTjDSM4PTWgs5E4aG8GETU37gfdTzcdT-URAjn8jyN6GeqKwaRrvVT1HLMdRhrig93xhtjUTWwKHEsPlMOVw2QxLkLXZjJzU-cWsMRSjilNmAVS2twFJ--4tGocc=w88-h92-k-no,,,,35.0172592,135.7569693
https://www.google.com/maps/place/Daiwa+Cycle/data=!4m7!3m6!1s0x600107c5c864c45d:0x1afd89b78af002a2!8m2!3d35.0299183!4d135.7509485!16s%2Fg%2F11jj7rrt0c!19sChIJXcRkyMUHAWARogLwireJ_Ro?authuser=0&hl=es-419&rclk=1,Daiwa Cycle,4.7,(158),自転車屋,·,,·,333 Nishifunahashicho,Abierto,⋅ Cierra a las 8 p.m.,·,075-384-1348,https://lh3.googleusercontent.com/gps-cs-s/AG0ilSwxkSiC-zPLPDKtruZgg852H5PsCjjhQupp5fFtu66_a9uWNOy8nrI6d2coomklNg_WXYOpCmHIqndEHab0m9baJAsJYWHPKCmWpXhrMAuASgCQj5DR2Bi1rcCP21qCBF8E8PPE=w122-h92-k-no,Compras en tienda,·,Retiro en tienda,35.0299183,135.7509485
https://www.google.com/maps/place/Iwai+Cycle+Center/data=!4m7!3m6!1s0x600105d378a9ab87:0xe70a4f0f4759c924!8m2!3d34.9560991!4d135.7165756!16s%2Fg%2F1tvrzmch!19sChIJh6upeNMFAWARJMlZRw9PCuc?authuser=0&hl=es-419&rclk=1,Iwai Cycle Center,4.5,(31),自転車屋,·,,162 Kuzetonoshirocho,·,Cerrado,⋅ Abre a las 10 a.m. del jue,,075-921-8679,https://lh3.googleusercontent.com/gps-cs-s/AG0ilSwmzfYcGn4bFVJu5w7z9kuDc3neBaNQ5wIYeCQ4bJB98uxiga97T6eJIav_zQiUYf3v1hGLd3rTwZleHeUNB4mKH_XyM92zpqQxVcgPlNsWVQkyahedSAme8d470l7aSQ05aU7nmg=w80-h106-k-no,Compras en tienda,,,34.9560991,135.7165756
https://www.google.com/maps/place/%E7%AB%B9%E5%86%85%E8%87%AA%E8%BB%A2%E8%BB%8A%E5%95%86%E4%BC%9A/data=!4m7!3m6!1s0x600108f3eba0f203:0xa7a9fe03e7651325!8m2!3d35.0176766!4d135.7747681!16s%2Fg%2F1tdq5xkr!19sChIJA_Kg6_MIAWARJRNl5wP-qac?authuser=0&hl=es-419&rclk=1,竹内自転車商会,4.8,(26),自転車屋,·,,"丸太町川端東入Higashimarutacho, 26",·,Abierto,⋅ Cierra a las 6 p.m.,,075-771-7261,https://lh3.googleusercontent.com/p/AF1QipPe_wyXizRSMsMMxvLmC2Xe2YurphGPxFm6nCEV=w163-h92-k-no,,,,35.0176766,135.7747681
https://www.google.com/maps/place/GNARLY+BIKES%EF%BC%88%E3%83%8A%E3%83%BC%E3%83%AA%E3%83%BC%E3%83%90%E3%82%A4%E3%82%AF%E3%82%B9%EF%BC%89/data=!4m7!3m6!1s0x600107e650c45dab:0x505e3530e4acf913!8m2!3d35.029712!4d135.744645!16s%2Fg%2F11c51swr5_!19sChIJq13EUOYHAWARE_ms5DA1XlA?authuser=0&hl=es-419&rclk=1,GNARLY BIKES（ナーリーバイクス）,4.9,(38),自転車屋,·,,CASA del ADAGIO今出川１F,·,Abre pronto:,⋅ 12 p.m.,,075-366-6560,https://lh3.googleusercontent.com/p/AF1QipNAOh-EuZ2zCzun6ZXu1ELjIOgPtwcKL6FedSQ=w122-h92-k-no,Retiro en tienda,,,35.029712,135.744645
https://www.google.com/maps/place/Cycle+Shop+Gift+Uzumasa/data=!4m7!3m6!1s0x6001076927d6c0c1:0x27e7054f079639af!8m2!3d35.0137017!4d135.7028109!16s%2Fg%2F11fmqnhmrg!19sChIJwcDWJ2kHAWARrzmWB08F5yc?authuser=0&hl=es-419&rclk=1,Cycle Shop Gift Uzumasa,3.3,(13),自転車屋,·,,"Uzumasa Tayabucho, 14-90 太秦マーケット",·,Abierto,⋅ Cierra a las 7 p.m.,,075-864-7444,https://lh3.googleusercontent.com/gps-cs-s/AG0ilSzCbOdXHK9Kp-Pv0K7XLIuXyyBPZYbO5qIdERyjOSmnvL0Qg9ftsGJcPcVpLfc9gCpVrKt9WThmwdD6isPh6cTzGKSd9p19z1apFpgktR--OeTYO2toK5N8XG1I5z003lwjyfHkPg=w122-h92-k-no,,,,35.0137017,135.7028109
https://www.google.com/maps/place/Rent-a-Bike+Kyoto+Miyabiya/data=!4m7!3m6!1s0x600108a4e64b9277:0x21bad50ff11b4f99!8m2!3d34.9924151!4d135.7601796!16s%2Fg%2F1tfzb28s!19sChIJd5JL5qQIAWARmU8b8Q_VuiE?authuser=0&hl=es-419&rclk=1,Rent-a-Bike Kyoto Miyabiya,4.2,(342),自転車修理・整備店,·,,·,323 Kamijuzuyacho,Abierto,⋅ Cierra a las 6 p.m.,·,075-354-7060,https://lh3.googleusercontent.com/gps-cs-s/AG0ilSy3mtZskejYOvzjd9oSiCHGXMOkk81YtzCVHAJ3HOumOLHHFgwXwSNQb4W-P1yMJBSrR4xbj75DTqbP863c7HRD4LHS1ChF-dZfiLTu_qpGbtmccTByRijQHmb9MGkeZNATNsU2=w163-h92-k-no,Servicios en el lugar,·,Citas en línea,34.9924151,135.7601796
https://www.google.com/maps/place/Parusu+Kyoto+Kujokawaramachiten+Seibikojo/data=!4m7!3m6!1s0x60010f4db5687665:0xe4539f9866f62436!8m2!3d34.9791262!4d135.7638691!16s%2Fg%2F1td2md0z!19sChIJZXZotU0PAWARNiT2ZpifU-Q?authuser=0&hl=es-419&rclk=1,Parusu Kyoto Kujokawaramachiten Seibikojo,4.0,(51),バイク修理店,·,,"Higashikujo Higashigoryocho, 36−36 セント吉翔",·,Abierto,⋅ Cierra a las 7 p.m.,,075-671-7165,https://lh3.googleusercontent.com/gps-cs-s/AG0ilSzVQJusQvD17H86V-Yv_VOADGF1JkLocYeaiADAt8Juq7uya5hzJbPNRiazx4WtF1OHiOw8V7zKBWAgbF9aP3cVOCGvartamLV7DYyCm5PaIhOEeQ8SAvOnARPx30_DODLcevzg=w80-h142-k-no,,,,34.9791262,135.7638691
https://www.google.com/maps/place/Cycle+Shop+K-craft/data=!4m7!3m6!1s0x60010799a43d1ed3:0x78363f1ab81a61bd!8m2!3d35.0185395!4d135.7569051!16s%2Fg%2F11cfc4n0v!19sChIJ0x49pJkHAWARvWEauBo_Nng?authuser=0&hl=es-419&rclk=1,Cycle Shop K-craft,5.0,(6),自転車屋,·,,"Imakusuriyacho, 298 サイクルショップカツヤマ 内",,,,,075-231-0217,https://lh3.googleusercontent.com/gps-cs-s/AG0ilSyPm5-VZphQSJJsQ3SUoq0r5KNR6NsQbXIfudpXJgxQWmoDGg3-YciEaYfizn1G9yjOCV-dTokNp4k9KTBzZa77ShBVmIS8ZlAK1WK8uhmYyDPlqsgrUeZnjjiChDZ4oPkPGws=w80-h106-k-no,,,,35.0185395,135.7569051
https://www.google.com/maps/place/%231-jyo+Ultimate+Factory+Kyoto/data=!4m7!3m6!1s0x600108ecef093c5d:0x86fc6acddf147de0!8m2!3d35.010324!4d135.7726629!16s%2Fg%2F1tfrm72g!19sChIJXTwJ7-wIAWAR4H0U381q_IY?authuser=0&hl=es-419&rclk=1,#1-jyo Ultimate Factory Kyoto,4.7,(72),自転車屋,·,,32-1 Magohashicho,·,Cerrado,⋅ Abre a las 11 a.m. del mié,,075-771-6311,https://lh3.googleusercontent.com/gps-cs-s/AG0ilSwYAwva5JYdfyJcmR0Pirs9O6T6yAmYtfuB0wVXycwfjUEyeRBGdfkHWlWVSDRIInvwySQCIk5aUkStkaeRaap5rrKMJjmTDi33ebkyn0C17JMTSNexHf5i5FuZYt5IC-TECwR8=w189-h92-k-no,Retiro en tienda,,,35.010324,135.7726629
https://www.google.com/maps/place/%EF%BC%88%E6%A0%AA%EF%BC%89%E4%B8%8A%E9%87%8E%E4%BA%80%E5%95%86%E5%BA%97/data=!4m7!3m6!1s0x600108b7085da423:0xe0213a9791eb2bc0!8m2!3d34.9919438!4d135.7685817!16s%2Fg%2F1tknkbk9!19sChIJI6RdCLcIAWARwCvrkZc6IeA?authuser=0&hl=es-419&rclk=1,（株）上野亀商店,4.9,(10),自転車屋,·,,"問屋町通正面上るKagiyacho, 499",·,Abierto,⋅ Cierra a las 5 p.m.,,075-561-4291,https://lh3.googleusercontent.com/gps-cs-s/AG0ilSx3OWuZ0jlvDB4djMVWsFuFICW_0PXjwuL_xZbymS1o5ROrZS2OuYcUXYTE4DQCjS2MkoF7_kSbhS7OixwVBzZrWoySP9l4X07Vdj7caqzWp3869SqHlXrV5lRyLeI2WUiY-Zui=w80-h106-k-no,,,,34.9919438,135.7685817
https://www.google.com/maps/place/Bike+Way/data=!4m7!3m6!1s0x600105de964285f9:0x2260c4179ae7df31!8m2!3d34.9631836!4d135.7296659!16s%2Fg%2F1vl9rcxl!19sChIJ-YVClt4FAWARMd_nmhfEYCI?authuser=0&hl=es-419&rclk=1,Bike Way,3.2,(6),自転車屋,·,,16-13 Kisshoin Ishihara Minamicho,·,Abierto,⋅ Cierra a las 6:30 p.m.,,075-672-4521,https://lh3.googleusercontent.com/p/AF1QipNnJ3YRuKyST77Ete2BDLv2jbGKkWAiQpNO4OfJ=w80-h106-k-no,Compras en tienda,,,34.9631836,135.7296659
https://www.google.com/maps/place/T%C5%8Dji+Keisha+K%C5%8Dgy%C5%8D/data=!4m7!3m6!1s0x60010601a29a0029:0xf049dc96ee264068!8m2!3d34.9795035!4d135.7501724!16s%2Fg%2F1vmr18dp!19sChIJKQCaogEGAWARaEAm7pbcSfA?authuser=0&hl=es-419&rclk=1,Tōji Keisha Kōgyō,3.7,(6),自転車屋,·,,·,29 Nishikujo Gawarajocho,Abierto,⋅ Cierra a las 7 p.m.,·,075-691-2412,https://lh3.googleusercontent.com/gps-cs-s/AG0ilSyCeB-uw9VUfSnYzaN_Hea3et1HR5X7WLNYdK487dqMSOgq-8rsDeLCHj5iEHcP7SZto44Fa1PX-CCk_uyZvRAbwdZVo4PPrpbw8W52pjt9QyT8KzQo3QdTorqyAZRixGYa_4xZ=w122-h92-k-no,,,,34.9795035,135.7501724
https://www.google.com/maps/place/%E3%83%90%E3%82%A4%E3%82%AF%E5%B7%A5%E6%88%BF%E5%B2%A9%E5%9F%8E/data=!4m7!3m6!1s0x60010623fcbdbe8b:0xd66d2999157a258!8m2!3d35.0000079!4d135.7470019!16s%2Fg%2F1vcjm4c1!19sChIJi769_CMGAWARWKJXkZnSZg0?authuser=0&hl=es-419&rclk=1,バイク工房岩城,4.3,(48),バイク販売業者,·,,·,30-2 Mibuaiaicho,Cerrado,⋅ Abre a las 9:30 a.m. del mié,·,075-822-0840,https://lh3.googleusercontent.com/gps-cs-s/AG0ilSxQGLR0A-pVHiwCrklMEFxe50kU11Wn5Tl9anrHOxH_qF4RqVUjP_FcLm7VXcuHJpDx4bVdSrWRVQ2TS9apDG8etuEAmHX7yfTUUxSw2LcpgONXhChlciCsxdCV6AF21Z8m8f8riQ=w138-h92-k-no,,,,35.0000079,135.7470019
https://www.google.com/maps/place/%E3%82%B5%E3%82%A4%E3%82%AF%E3%83%AB%E3%83%93%E3%83%AC%E3%83%83%E3%82%B8%E3%82%B8%E3%83%A3%E3%83%A0%E3%82%B8%E3%83%A3%E3%83%A0/data=!4m7!3m6!1s0x600107e99e8cffff:0x2c2107b0ccc372c!8m2!3d35.0264263!4d135.7388384!16s%2Fg%2F11hbc2gc49!19sChIJ__-MnukHAWARLDfMDHsQwgI?authuser=0&hl=es-419&rclk=1,サイクルビレッジジャムジャム,5.0,(2),自転車屋,·,,429-22 Takigahanacho,·,Abierto,⋅ Cierra a las 6 p.m.,,075-205-2104,https://streetviewpixels-pa.googleapis.com/v1/thumbnail?panoid=1VP3j3prEY37SeWuNVudWw&cb_client=search.gws-prod.gps&w=80&h=92&yaw=342.67807&pitch=0&thumbfov=100,,,,35.0264263,135.7388384
https://www.google.com/maps/place/%E8%87%AA%E8%BB%A2%E8%BB%8A%E5%B1%8BNOTTON%E2%80%99nal+%E3%83%8E%E3%83%83%E3%83%88%E3%83%B3%E3%83%8A%E3%83%AB/data=!4m7!3m6!1s0x6001084dde8fbf4b:0x8984890540936388!8m2!3d35.0380891!4d135.7855624!16s%2Fg%2F11cmrrm_qz!19sChIJS7-P3k0IAWARiGOTQAWJhIk?authuser=0&hl=es-419&rclk=1,自転車屋NOTTON’nal ノットンナル,4.9,(44),自転車屋,·,,·,"Ichijoji Nishimizuboshicho, 15-2 ファーストコーポ白川 1階",Abierto,⋅ Cierra a las 7 p.m.,·,075-708-8846,https://lh3.googleusercontent.com/p/AF1QipPFitEU1k8GZUH4kaZmx7pTzLcqqqQBo78ogqfs=w163-h92-k-no,Compras en tienda,·,Retiros en la puerta,35.0380891,135.7855624
https://www.google.com/maps/place/Cycle+Base+Asahi+Katsuragawa+Store/data=!4m7!3m6!1s0x6001068358f7ad35:0xd56ab2ec249a9987!8m2!3d34.962286!4d135.7059739!16s%2Fg%2F11byclv4st!19sChIJNa33WIMGAWARh5maJOyyatU?authuser=0&hl=es-419&rclk=1,Cycle Base Asahi Katsuragawa Store,3.2,(43),自転車屋,·,,·,Hachinotsubo-117-1 Teradocho,Abierto,⋅ Cierra a las 7 p.m.,·,075-925-4506,https://lh3.googleusercontent.com/gps-cs-s/AG0ilSxCgYTW7GVc-xkLRrVYYcdgnNuwltQdmuruSjmLaBWxNzgDUJOW1CXA3wpX0P9bxqqhcbwHYFg94sjM5s_VkeE0Kr4jOJ3Rvm6xSVbbT1BkV7AITJsTfCDtdgKtVPOjD1-8O5Uv=w122-h92-k-no,Retiro en tienda,,,34.962286,135.7059739
https://www.google.com/maps/place/R%27s+GARAGE/data=!4m7!3m6!1s0x6001063c69f58fb9:0x989f8cdd9e0f7e3b!8m2!3d34.9924581!4d135.7393826!16s%2Fg%2F11f3xhfb6_!19sChIJuY_1aTwGAWARO34Pnt2Mn5g?authuser=0&hl=es-419&rclk=1,R's GARAGE,4.9,(8),バイク販売業者,·,,52-1 Sujakubunkicho,·,Abierto,⋅ Cierra a las 8 p.m.,,075-754-6262,https://streetviewpixels-pa.googleapis.com/v1/thumbnail?panoid=z4aI4QDNWIUl4tV-1XQFvA&cb_client=search.gws-prod.gps&w=80&h=92&yaw=102.55024&pitch=0&thumbfov=100,,,,34.9924581,135.7393826
https://www.google.com/maps/place/Y%27s+Road+Kyoto/data=!4m7!3m6!1s0x60010894657d61e3:0x484469dc6fdd85a!8m2!3d35.0060567!4d135.7681102!16s%2Fg%2F11c1n1bj3w!19sChIJ42F9ZZQIAWARWtj9xp1GhAQ?authuser=0&hl=es-419&rclk=1,Y's Road Kyoto,4.3,(319),自転車屋,·,,"Uraderacho, 595 グランレジェイド京都河原町１F, 中京",·,Abre pronto:,⋅ 12 p.m.,,075-254-7827,https://lh3.googleusercontent.com/gps-cs-s/AG0ilSxxNvnHgaTut5pUkwQYNBIgok_MmOeJvTl1ZNF1qcLgtrdDtJR6siBSJlPrGF0JU3nq2QYUNRHWHnoMvsANuf5UXb0Q90stfZ9RC9GbyxyEOV_xzHYqVvPM_vlX6Sc0GTAeDCD2zg=w163-h92-k-no,Compras en tienda,·,Retiro en tienda,35.0060567,135.7681102
https://www.google.com/maps/place/Bicycle+Kyubei+Shimogamo+shop/data=!4m7!3m6!1s0x6001083fdb76096f:0xee5c2fb716416993!8m2!3d35.0407719!4d135.7714896!16s%2Fg%2F1tx46yr7!19sChIJbwl22z8IAWARk2lBFrcvXO4?authuser=0&hl=es-419&rclk=1,Bicycle Kyubei Shimogamo shop,4.7,(351),自転車屋,·,,"Shimogamo Matsunokicho, 71-2 1F",·,Abierto,⋅ Cierra a las 7 p.m.,,075-722-0766,https://lh3.googleusercontent.com/gps-cs-s/AG0ilSy3fc1ZKRlnMHomIHXVB8qwvrUxzokU5FZcph5HcahUnwC3XPWXioDfE-NQzZ-UTpVY4BPfYR86urV9rUItPY7KYuHRsR3ZG2RZtI_64xLilLw6i1hc_Aw3zEb5IeewcPCPIV8B6Q=w122-h92-k-no,Compras en tienda,·,Retiro en tienda,35.0407719,135.7714896
https://www.google.com/maps/place/Clover+Motorcycle+Uzumasa/data=!4m7!3m6!1s0x6001070dc6ac5fef:0xf8cbaad7bd45fa17!8m2!3d35.0058385!4d135.7062345!16s%2Fg%2F11b6hvd22y!19sChIJ71-sxg0HAWARF_pFvdeqy_g?authuser=0&hl=es-419&rclk=1,Clover Motorcycle Uzumasa,4.3,(55),バイク販売業者,·,,11-3 Uzumasa Hinouchicho,·,Abierto,⋅ Cierra a las 8 p.m.,,075-406-5701,https://lh3.googleusercontent.com/gps-cs-s/AG0ilSxHtaAxGbLrxUt7IbPBlPRH57NDPqBHp_e9-A8HQZxhaSNNBuQMxfiZ4o_CQq_DVGkR_2zwoH77d98EuhZFt4KonjLUafYthg_4ig0P32XdgUVrPBlUpaRj7u642kCGWGluk2i9=w122-h92-k-no,,,,35.0058385,135.7062345
https://www.google.com/maps/place/whoo+bicycles%EF%BC%88%E3%83%95%E3%83%BC%E3%83%BB%E3%83%90%E3%82%A4%E3%82%B7%E3%82%AF%E3%83%AB%EF%BC%89/data=!4m7!3m6!1s0x6001088ed1a40001:0x1a279f7c00d6f9bb!8m2!3d35.0136089!4d135.7644193!16s%2Fg%2F11bwy4hg16!19sChIJAQCk0Y4IAWARu_nWAHyfJxo?authuser=0&hl=es-419&rclk=1,whoo bicycles（フー・バイシクル）,5.0,(36),自転車屋,·,,·,658 Seimeicho,Cerrado,⋅ Abre a las 11 a.m. del vie,·,075-255-9701,https://lh3.googleusercontent.com/p/AF1QipP-9zb3QkBobKidIZxNP0XiJuDDvX6FgOorpjMW=w130-h92-k-no,Servicios en el lugar,,,35.0136089,135.7644193
https://www.google.com/maps/place/Peacock+Kashihara+Shop/data=!4m7!3m6!1s0x600106c2cebb622f:0xbb5730d7fa0d2074!8m2!3d34.9767354!4d135.6937741!16s%2Fg%2F1pv5vb8nn!19sChIJL2K7zsIGAWARdCAN-tcwV7s?authuser=0&hl=es-419&rclk=1,Peacock Kashihara Shop,3.9,(10),自転車屋,·,,30-5 Katagiharakubocho,·,Abierto,⋅ Cierra a las 6:30 p.m.,,075-392-5150,https://lh3.googleusercontent.com/gps-cs-s/AG0ilSyQP9DGp0Ba1BDQRRD08rdX6n9uB3RISyfFoqj_xWpsjTiYpwPmXyY8EmtAkDt85lYDH-Dx1Nsdg2dpms-N9Fr1-8wOX-zAmq-2xVn_XXToFJK0IjWK_M3ovqn9zZtlpV_l2ShLLQ=w80-h106-k-no,,,,34.9767354,135.6937741
https://www.google.com/maps/place/Kon%27s+Cycle+Kamishichiken/data=!4m7!3m6!1s0x600107eec6205f35:0x7ed54a70c4ad8c3e!8m2!3d35.0295818!4d135.7393443!16s%2Fg%2F1vyxj9kv!19sChIJNV8gxu4HAWARPoytxHBK1X4?authuser=0&hl=es-419&rclk=1,Kon's Cycle Kamishichiken,3.0,(27),自転車屋,·,,484 Bishamoncho,·,Cerrado,⋅ Abre a las 10 a.m. del jue,,075-467-8155,https://lh3.googleusercontent.com/gps-cs-s/AG0ilSzCe32qg-I4XviO82MsPFCLp1tUdM0mmq28aKT7sZubEI10jD0e0agvA3-lqMj04DUp9nAiLieLTKfcOTrBCNhoWzIb6JYvtPZcGz22kNGoVPzesObJT4PggLLAbNz6asSKU4hr=w122-h92-k-no,Compras en tienda,,,35.0295818,135.7393443
https://www.google.com/maps/place/%E5%AE%89%E6%9C%AC%E3%83%90%E3%82%A4%E3%82%AF%E3%83%97%E3%83%BC%E3%83%AB+%E3%83%AC%E3%83%B3%E3%82%BF%E3%82%B5%E3%82%A4%E3%82%AF%E3%83%AB/data=!4m7!3m6!1s0x600108ec93ec4c31:0x7f9ae6de434ce64d!8m2!3d35.0095955!4d135.7725282!16s%2Fg%2F1hc72b698!19sChIJMUzsk-wIAWARTeZMQ97mmn8?authuser=0&hl=es-419&rclk=1,安本バイクプール レンタサイクル,4.4,(39),自転車屋,·,,36 Horinji Monzencho,·,Abierto,⋅ Cierra a las 8 p.m.,,075-751-0595,https://lh3.googleusercontent.com/gps-cs-s/AG0ilSzcEjAHvc8ckKmEw8LPHlf6zzFooh7xEGXYnNJ-0Dj4zHxTNReSfHXRatcwXLKFxlqV8W-Ddxy-v7KHx41bcISEYuBNadQiFWcXpLz-2wOMF1bxCQtveTlwY-G_tHKTOnUJKLVkyg=w122-h92-k-no,,,,35.0095955,135.7725282
https://www.google.com/maps/place/Eirin/data=!4m7!3m6!1s0x60010873dc0a787d:0x6956bcd24ecae3b1!8m2!3d35.0291686!4d135.7574109!16s%2Fg%2F1td69s5w!19sChIJfXgK3HMIAWARsePKTtK8Vmk?authuser=0&hl=es-419&rclk=1,Eirin,3.8,(33),中古自転車店,·,,·,"今出川通室町西入ルHoridashicho, 306 ＦＬＵＸ 掘出シ町306",Abierto,⋅ Cierra a las 7 p.m.,·,075-432-7874,https://lh3.googleusercontent.com/p/AF1QipNOTxkG3YAnZu3xbA-00UURBkqfKmR4pAbKEFkW=w122-h92-k-no,,,,35.0291686,135.7574109
https://www.google.com/maps/place/Arms/data=!4m7!3m6!1s0x6001065982557679:0x35d0441d5171c99f!8m2!3d34.98627!4d135.7185087!16s%2Fg%2F11bw1q00j8!19sChIJeXZVglkGAWARn8lxUR1E0DU?authuser=0&hl=es-419&rclk=1,Arms,4.5,(25),中古オートバイ販売業者,·,,·,8-66 Nishikyogoku Shibanoshitacho,Abre pronto:,⋅ 12 p.m.,·,075-313-2471,https://streetviewpixels-pa.googleapis.com/v1/thumbnail?panoid=fYagy09uftUDWOAR4FAQjw&cb_client=search.gws-prod.gps&w=80&h=92&yaw=83.3921&pitch=0&thumbfov=100,,,,34.98627,135.7185087
https://www.google.com/maps/place/Yamaguchi+Cycle/data=!4m7!3m6!1s0x6001070da5dc557f:0x1aea727e3baf12fc!8m2!3d35.0069942!4d135.7064294!16s%2Fg%2F11hbql5qt5!19sChIJf1XcpQ0HAWAR_BKvO35y6ho?authuser=0&hl=es-419&rclk=1,Yamaguchi Cycle,5.0,(1),バイク ショップ,·,,7-80 Uzumasa Hinouchicho,,,,,075-881-2545,https://streetviewpixels-pa.googleapis.com/v1/thumbnail?panoid=hpq4ODGZCtqV2JKaNpespA&cb_client=search.gws-prod.gps&w=80&h=92&yaw=289.12753&pitch=0&thumbfov=100,,,,35.0069942,135.7064294
https://www.google.com/maps/place/Aiba+Cycle/data=!4m7!3m6!1s0x60010843713cba35:0xc364dda82fd55fab!8m2!3d35.0339556!4d135.7749765!16s%2Fg%2F1tgc9dnv!19sChIJNbo8cUMIAWARq1_VL6jdZMM?authuser=0&hl=es-419&rclk=1,Aiba Cycle,4.7,(68),自転車屋,·,,川端御蔭橋下,·,Abierto,⋅ Cierra a las 7 p.m.,,075-781-2632,https://lh3.googleusercontent.com/gps-cs-s/AG0ilSw1VRYksaZagCn1jD6yE03M72ooICa51tvonHzglbJx25YlXBKShVMLf0n5rWuzFbk3i8TXX6Jub37T6_hnVVxr2owzct2523QT7_qJ_RYj8sSGbf2m-OFh0BtVrEzRRMo6ndgr=w163-h92-k-no,,,,35.0339556,135.7749765
https://www.google.com/maps/place/LORO+Cycleworks+Kyoto/data=!4m7!3m6!1s0x60010623fbace2cb:0x5a9421b202788644!8m2!3d35.0531194!4d135.75466!16s%2Fg%2F11bwkbcwfs!19sChIJy-Ks-yMGAWARRIZ4ArIhlFo?authuser=0&hl=es-419&rclk=1,LORO Cycleworks Kyoto,4.1,(40),自転車屋,·,,14-6 Koyamakitagenicho,·,Abierto,⋅ Cierra a las 7 p.m.,,075-286-7439,https://lh3.googleusercontent.com/gps-cs-s/AG0ilSxelbWE_NwiiV2NvA9TTbnNfo-G-1NFMm989-JY9Qvg41u1_mGSQeP2idbVu6MmguqaCTKNhZFx_bmdEG2_VqG6VNC2DeJRbdATS9Y7ykErFwfLuVY9k5dAh3FEzOF54EJzs3nk0Q=w80-h106-k-no,,,,35.0531194,135.75466
https://www.google.com/maps/place/%E5%A4%A9%E5%92%8C%E5%95%86%E5%BA%97/data=!4m7!3m6!1s0x60010f68d22d60a7:0x22595ecfda4b8db7!8m2!3d34.9603107!4d135.7634932!16s%2Fg%2F11f3wtwfy3!19sChIJp2At0mgPAWARt41L2s9eWSI?authuser=0&hl=es-419&rclk=1,天和商店,3.5,(16),自転車屋,·,,·,2 Chome-84 Fukakusa Nishiuracho,Abierto,⋅ Cierra a las 6 p.m.,·,090-4300-2949,https://lh3.googleusercontent.com/p/AF1QipM-31trAEvLrWMRuC-SIJufuQzFY3OKsI6alsFL=w80-h106-k-no,,,,34.9603107,135.7634932
https://www.google.com/maps/place/%E8%87%AA%E8%BB%A2%E8%BB%8A%E3%81%A8%E5%B1%B1%E9%81%93%E5%85%B7+DELTA/data=!4m7!3m6!1s0x6001077ee7a80ed7:0x2bd57ff4471d7f1f!8m2!3d35.037499!4d135.7462278!16s%2Fg%2F11w233z5tc!19sChIJ1w6o534HAWARH38dR_R_1Ss?authuser=0&hl=es-419&rclk=1,自転車と山道具 DELTA,5.0,(10),自転車屋,·,,·,3-18 Murasakino Nishifujinomoricho,Abierto,⋅ Cierra a las 7 p.m.,·,075-334-6851,https://lh3.googleusercontent.com/gps-cs-s/AG0ilSzOQuPffk9802mz3ajMY97Cd34UMfhtnnJ6jxoWm-v7KsksKal-NBOukuk8rTaUm7X09chL6ggYmU_XOm4ovqXlLSY7MTfC0qoVTWWQeUECk8rgBi-YdpRWF80DfMagp1fWenN2zA=w80-h106-k-no,Retiro en tienda,,,35.037499,135.7462278
